id,value,feed_id,created_at,lat,lon,ele
0F97GGVC40CZHRFDHZFMVSCZ9M,24.6,2508531,2023-04-08 23:58:00 UTC,,,
0F97GKPXT09XTREHCT5B5464Q4,23.4,2508531,2023-04-09 00:03:00 UTC,,,
0F97GPJFG0YK1K3CS4C8MR9G64,24.6,2508531,2023-04-09 00:08:00 UTC,,,
0F97GSE16081X3YYCX75G1FCQJ,26.6,2508531,2023-04-09 00:13:00 UTC,,,
0F97GW9JW0DKZZ0AWZRRVT1TAH,24.4,2508531,2023-04-09 00:18:00 UTC,,,
0F97GZ54J0BYF6G52ZV4WCW3QR,26.6,2508531,2023-04-09 00:23:00 UTC,,,
0F97H20P80VXH5656V77WA34ZP,24.8,2508531,2023-04-09 00:28:00 UTC,,,
0F97H4W7Y01PAHM3YNGVPEBDFV,24.9,2508531,2023-04-09 00:33:00 UTC,,,
0F97H7QSM0YDFZ0VYAZYNBAYKT,23.6,2508531,2023-04-09 00:38:00 UTC,,,
0F97HAKBA0C8WJSKZY9FXGF87X,25.6,2508531,2023-04-09 00:43:00 UTC,,,
0F97HDEX00K1KYNGKQMX6B16JQ,25.8,2508531,2023-04-09 00:48:00 UTC,,,
0F97HGAEP02N9KF4N49D86020P,24.5,2508531,2023-04-09 00:53:00 UTC,,,
0F97HK60C0Y09X98CN902BFA8W,23.9,2508531,2023-04-09 00:58:00 UTC,,,
0F97HP1J20C0G0Q0KMA0PT3B06,25.5,2508531,2023-04-09 01:03:00 UTC,,,
0F97HRX3R0ZWQM2QCXEGZ5QYSW,25.3,2508531,2023-04-09 01:08:00 UTC,,,
0F97HVRNE0AP0FG5QT796EK2AP,24.5,2508531,2023-04-09 01:13:00 UTC,,,
0F97HYM740PCBBP482CVD3BJJ8,26.5,2508531,2023-04-09 01:18:00 UTC,,,
0F97J1FRT0RKCVCMMYCDCEG2T8,26.4,2508531,2023-04-09 01:23:00 UTC,,,
0F97J4BAG03K350VNN0HHTGQRE,25.4,2508531,2023-04-09 01:28:00 UTC,,,
0F97J76W60PWZX4SYAPC72WHY3,23.5,2508531,2023-04-09 01:33:00 UTC,,,
0F97JA2DW04M6SX07P97SGM8KF,23.7,2508531,2023-04-09 01:38:00 UTC,,,
0F97JCXZJ0HBCCN89C840CRPJF,24.7,2508531,2023-04-09 01:43:00 UTC,,,
0F97JFSH808CMZAC5KK1DFA4E5,24.2,2508531,2023-04-09 01:48:00 UTC,,,
0F97JJN2Y095DS4PRQ7ZC9YYF8,27.0,2508531,2023-04-09 01:53:00 UTC,,,
0F97JNGMM0MDV45X4K9003BNHW,24.3,2508531,2023-04-09 01:58:00 UTC,,,
0F97JRC6A04GQVBWEBVQQ3RJKS,25.0,2508531,2023-04-09 02:03:00 UTC,,,
0F97JV7R00492F46NN29WFKXJ6,24.9,2508531,2023-04-09 02:08:00 UTC,,,
0F97JY39P0ZTGG887N2E02FME9,24.4,2508531,2023-04-09 02:13:00 UTC,,,
0F97K0YVC021ZG6MYZXN8C0WJ6,24.4,2508531,2023-04-09 02:18:00 UTC,,,
0F97K3TD20F1TQFX10Z1CYGHH6,25.0,2508531,2023-04-09 02:23:00 UTC,,,
0F97K6NYR06JDW0M03B9R0T9TW,25.4,2508531,2023-04-09 02:28:00 UTC,,,
0F97K9HGE0HZRYEF1PQGAJ3B43,25.6,2508531,2023-04-09 02:33:00 UTC,,,
0F97KCD240T7SH0KRB5DAEJ9QA,25.1,2508531,2023-04-09 02:38:00 UTC,,,
0F97KF8KT0417955NKP4PZCGA2,24.3,2508531,2023-04-09 02:43:00 UTC,,,
0F97KJ45G0XYRDPZ5Y826BJ7XD,23.8,2508531,2023-04-09 02:48:00 UTC,,,
0F97KMZQ60F9A4KSMST2T6R74G,24.1,2508531,2023-04-09 02:53:00 UTC,,,
0F97KQV8W0DSAVE1DKPA01KNJJ,24.2,2508531,2023-04-09 02:58:00 UTC,,,
0F97KTPTJ0CV1Q0MN6BTY3J5WM,25.0,2508531,2023-04-09 03:03:00 UTC,,,
0F97KXJC80VXB82EV1SP4X71NX,25.3,2508531,2023-04-09 03:08:00 UTC,,,
0F97M0DXY0P9BHA3X1S7M4B0PT,25.6,2508531,2023-04-09 03:13:00 UTC,,,
0F97M39FM0HTS1E3EBFNHZVVZE,26.2,2508531,2023-04-09 03:18:00 UTC,,,
0F97M651A0WT3KF0TK9K5N4NW8,25.6,2508531,2023-04-09 03:23:00 UTC,,,
0F97M90K009JK83TP6FY9YCW68,24.9,2508531,2023-04-09 03:28:00 UTC,,,
0F97MBW4P02X8PR78E55TQB9DA,25.1,2508531,2023-04-09 03:33:00 UTC,,,
0F97MEQPC0TDZ65YGCT0267VXP,24.4,2508531,2023-04-09 03:38:00 UTC,,,
0F97MHK820KB27QXA5YP64Q0N0,23.0,2508531,2023-04-09 03:43:00 UTC,,,
0F97MMESR0X4PK3FSKBJ637WVE,25.6,2508531,2023-04-09 03:48:00 UTC,,,
0F97MQABE0TJQKTRV2N1E46RWP,25.9,2508531,2023-04-09 03:53:00 UTC,,,
0F97MT5X40TVCE3087XFQ4ZXJM,25.0,2508531,2023-04-09 03:58:00 UTC,,,
0F97MX1ET0W9MYFZ6WXC0769A4,24.4,2508531,2023-04-09 04:03:00 UTC,,,
0F97MZX0G0W1Z81MESJEV91EA8,25.2,2508531,2023-04-09 04:08:00 UTC,,,
0F97N2RJ60YBRNF0Q3GTK0PTEM,24.7,2508531,2023-04-09 04:13:00 UTC,,,
0F97N5M3W0RC0W8V51J316TDK7,26.3,2508531,2023-04-09 04:18:00 UTC,,,
0F97N8FNJ030QK5H49S8C3YVWH,25.3,2508531,2023-04-09 04:23:00 UTC,,,
0F97NBB7805WGNJSAY7VS2MBHG,26.0,2508531,2023-04-09 04:28:00 UTC,,,
0F97NE6RY09EXFM2R66F3SPZZQ,26.0,2508531,2023-04-09 04:33:00 UTC,,,
0F97NH2AM084QGETQYCDWNYJS4,25.1,2508531,2023-04-09 04:38:00 UTC,,,
0F97NKXWA0KFH1EKJ7W2PVHF6E,24.5,2508531,2023-04-09 04:43:00 UTC,,,
0F97NPSE00JHWS0V0401M6QWV2,26.5,2508531,2023-04-09 04:48:00 UTC,,,
0F97NSMZP0JFSKAYHJDWRAT5BW,25.5,2508531,2023-04-09 04:53:00 UTC,,,
0F97NWGHC0N6SBCMBJ0Y3FNBW1,25.6,2508531,2023-04-09 04:58:00 UTC,,,
0F97NZC320RK9EYA8DYN0DQRJ4,25.6,2508531,2023-04-09 05:03:00 UTC,,,
0F97P27MR0Z7GKKWTPQENX04WF,24.6,2508531,2023-04-09 05:08:00 UTC,,,
0F97P536E0WK8VEYFGWY93NM8B,23.5,2508531,2023-04-09 05:13:00 UTC,,,
0F97P7YR40XAWWW939N8CHXK3Z,25.6,2508531,2023-04-09 05:18:00 UTC,,,
0F97PAT9T019PB21PHAG5BYNXP,24.1,2508531,2023-04-09 05:23:00 UTC,,,
0F97PDNVG0HWET3553R0TP3HJA,25.6,2508531,2023-04-09 05:28:00 UTC,,,
0F97PGHD60THV8CD4VV6X436RC,24.9,2508531,2023-04-09 05:33:00 UTC,,,
0F97PKCYW0K8K38T8V10Y6JTG0,26.5,2508531,2023-04-09 05:38:00 UTC,,,
0F97PP8GJ02XB0KR4MV5ZGTMZN,25.8,2508531,2023-04-09 05:43:00 UTC,,,
0F97PS4280PKBKS2C0Z1SZCP9C,24.2,2508531,2023-04-09 05:48:00 UTC,,,
0F97PVZKY0ZED9P16CVPH33EHK,25.1,2508531,2023-04-09 05:53:00 UTC,,,
0F97PYV5M001XRWCBCFY6GPW93,24.6,2508531,2023-04-09 05:58:00 UTC,,,
0F97Q1PQA0C872ZC20ZH03CDYY,26.4,2508531,2023-04-09 06:03:00 UTC,,,
0F97Q4J900K2R4SBYQMGKJK6J7,23.6,2508531,2023-04-09 06:08:00 UTC,,,
0F97Q7DTP03AGSZJR0BTHR4MRK,23.7,2508531,2023-04-09 06:13:00 UTC,,,
0F97QA9CC0ZK4X5GJW49G1Q008,24.7,2508531,2023-04-09 06:18:00 UTC,,,
0F97QD4Y20Y9R2Z7Z9QK2P0952,25.7,2508531,2023-04-09 06:23:00 UTC,,,
0F97QG0FR0BW5HNCHMT30P9T65,25.8,2508531,2023-04-09 06:28:00 UTC,,,
0F97QJW1E07F56ANR7MAV8926M,24.3,2508531,2023-04-09 06:33:00 UTC,,,
0F97QNQK40891VC7D5G2BVMTDE,25.9,2508531,2023-04-09 06:38:00 UTC,,,
0F97QRK4T01RJZB2Y0HG4EJZ74,24.0,2508531,2023-04-09 06:43:00 UTC,,,
0F97QVEPG0F0XWXJ7RZ5HM7SRR,26.7,2508531,2023-04-09 06:48:00 UTC,,,
0F97QYA860AS4WX4BT97BS808Z,25.5,2508531,2023-04-09 06:53:00 UTC,,,
0F97R15SW0X8QDV5BCGS884KEP,25.1,2508531,2023-04-09 06:58:00 UTC,,,
0F97R41BJ0V3J3ZNW8B3VEGJQV,26.0,2508531,2023-04-09 07:03:00 UTC,,,
0F97R6WX80VG1F18CKS8V6WVR4,24.3,2508531,2023-04-09 07:08:00 UTC,,,
0F97R9REY0NWS04F58XZJV4ZB7,25.9,2508531,2023-04-09 07:13:00 UTC,,,
0F97RCM0M00BQ881F5KHNSBBPF,24.8,2508531,2023-04-09 07:18:00 UTC,,,
0F97RFFJA02C3KJ1ZHF8SF26FN,27.2,2508531,2023-04-09 07:23:00 UTC,,,
0F97RJB4007WXY529G629ASTFY,23.7,2508531,2023-04-09 07:28:00 UTC,,,
0F97RN6NP068N1V8242S96NGJ4,24.5,2508531,2023-04-09 07:33:00 UTC,,,
0F97RR27C0CDWCJYBSBR3CNQHH,24.4,2508531,2023-04-09 07:38:00 UTC,,,
0F97RTXS204D9081RRKDMZ00M6,24.7,2508531,2023-04-09 07:43:00 UTC,,,
0F97RXSAR0Z1HBBK8SKMMWYJBW,25.5,2508531,2023-04-09 07:48:00 UTC,,,
0F97S0MWE00HTRXD2MSAPPVJ0A,25.8,2508531,2023-04-09 07:53:00 UTC,,,
0F97S3GE40TXXXXY8KKTMZJ100,25.1,2508531,2023-04-09 07:58:00 UTC,,,
0F97S6BZT0PZX3BFJXJQ9BPWXR,24.4,2508531,2023-04-09 08:03:00 UTC,,,
0F97S97HG0CWS2XGMMN737416Y,24.7,2508531,2023-04-09 08:08:00 UTC,,,
0F97SC3360FRBMB5PR1ERJRSY1,25.0,2508531,2023-04-09 08:13:00 UTC,,,
0F97SEYMW0XBD7GG216GB6KY1S,25.2,2508531,2023-04-09 08:18:00 UTC,,,
0F97SHT6J0PX28TRR41T46NG25,25.3,2508531,2023-04-09 08:23:00 UTC,,,
0F97SMNR80GG4C89EZ9MVMSJ5D,25.4,2508531,2023-04-09 08:28:00 UTC,,,
0F97SQH9Y0428XN5G439PYGAW3,24.7,2508531,2023-04-09 08:33:00 UTC,,,
0F97STCVM0275TB5PNFEB4N6ED,25.1,2508531,2023-04-09 08:38:00 UTC,,,
0F97SX8DA0G6HNYM7DBX538X9K,22.5,2508531,2023-04-09 08:43:00 UTC,,,
0F97T03Z00AA34Y0GZGRCGQB4C,24.4,2508531,2023-04-09 08:48:00 UTC,,,
0F97T2ZGP0T35HK31HDCHRJZG2,25.3,2508531,2023-04-09 08:53:00 UTC,,,
0F97T5V2C083D1M848C094G1SX,25.8,2508531,2023-04-09 08:58:00 UTC,,,
0F97T8PM202FCAFF9MZ8AYDK04,24.3,2508531,2023-04-09 09:03:00 UTC,,,
0F97TBJ5R0RG1Y0MHCTEJ39VDQ,25.4,2508531,2023-04-09 09:08:00 UTC,,,
0F97TEDQE0DZH15VH3DG13K3QR,25.6,2508531,2023-04-09 09:13:00 UTC,,,
0F97TH9940VA3A8JSPR8GKHR2J,25.9,2508531,2023-04-09 09:18:00 UTC,,,
0F97TM4TT0JB2BB085P89M5HFJ,24.7,2508531,2023-04-09 09:23:00 UTC,,,
0F97TQ0CG0FAQ0Z32DDRCQDDS6,25.1,2508531,2023-04-09 09:28:00 UTC,,,
0F97TSVY600S5HQ19ETQGYZ2W5,23.3,2508531,2023-04-09 09:33:00 UTC,,,
0F97TWQFW06EV0HNCY41D7HCYQ,26.7,2508531,2023-04-09 09:38:00 UTC,,,
0F97TZK1J0JFWFNY9VKWT119NV,26.6,2508531,2023-04-09 09:43:00 UTC,,,
0F97V2EK8052Q27FCC3NWGGHJ6,26.3,2508531,2023-04-09 09:48:00 UTC,,,
0F97V5A4Y0S5T3JMCS1YHF81KM,24.2,2508531,2023-04-09 09:53:00 UTC,,,
0F97V85PM0N06NRPQAK9XZ5HCT,26.0,2508531,2023-04-09 09:58:00 UTC,,,
0F97VB18A098KMJVP8610MH3DR,25.1,2508531,2023-04-09 10:03:00 UTC,,,
0F97VDWT0047KY9E8AMKGG7E7H,23.5,2508531,2023-04-09 10:08:00 UTC,,,
0F97VGRBP0Z5WW3QFR9JDFD1S9,24.7,2508531,2023-04-09 10:13:00 UTC,,,
0F97VKKXC0DA9XKFP6ZWDB8AVK,24.8,2508531,2023-04-09 10:18:00 UTC,,,
0F97VPFF20KZD409EPZB098E1V,25.9,2508531,2023-04-09 10:23:00 UTC,,,
0F97VSB0R0G29B2JFJRWST7AT8,25.7,2508531,2023-04-09 10:28:00 UTC,,,
0F97VW6JE0Z3C0WAM4ZPB6TWYX,26.2,2508531,2023-04-09 10:33:00 UTC,,,
0F97VZ2440H633CWBVNQTVS6V9,25.2,2508531,2023-04-09 10:38:00 UTC,,,
0F97W1XNT0W11RWN46X1EE3A04,24.7,2508531,2023-04-09 10:43:00 UTC,,,
0F97W4S7G0Y0TXM1BN6V7NYYZR,24.4,2508531,2023-04-09 10:48:00 UTC,,,
0F97W7MS60TXXENJ8G73H1MXQ2,25.9,2508531,2023-04-09 10:53:00 UTC,,,
0F97WAGAW0KW8WF759WXTY5FSD,25.3,2508531,2023-04-09 10:58:00 UTC,,,
0F97WDBWJ0RGN50R7Q0HAV4XF2,23.2,2508531,2023-04-09 11:03:00 UTC,,,
0F97WG7E80WZYT8N5NMD1FKQ3X,24.2,2508531,2023-04-09 11:08:00 UTC,,,
0F97WK2ZY02A56SHXP1TQTMFMA,23.2,2508531,2023-04-09 11:13:00 UTC,,,
0F97WNYHM0819NNSQ3VRRC7NTH,24.6,2508531,2023-04-09 11:18:00 UTC,,,
0F97WRT3A0QWQXC86C7GQ7J519,25.0,2508531,2023-04-09 11:23:00 UTC,,,
0F97WVNN00T7JCZX25WFEYT376,26.4,2508531,2023-04-09 11:28:00 UTC,,,
0F97WYH6P0BPR9K88WQN4BWF81,24.4,2508531,2023-04-09 11:33:00 UTC,,,
0F97X1CRC0P940RP8NN2QMDXZX,25.6,2508531,2023-04-09 11:38:00 UTC,,,
0F97X48A20V5RZQ5ZPCWKYHGRE,25.1,2508531,2023-04-09 11:43:00 UTC,,,
0F97X73VR0WVPMBVEW3333Q9PG,25.8,2508531,2023-04-09 11:48:00 UTC,,,
0F98A5Z0E07TJ1PKEGW18HE2D7,25.5,2508531,2023-04-09 23:53:00 UTC,,,
0F98A8TJ408VBGG9TK6MEKVEJR,25.6,2508531,2023-04-09 23:58:00 UTC,,,
0F98ABP3T01V434J82JT94ZFB0,27.1,2508531,2023-04-10 00:03:00 UTC,,,
0F98AEHNG0YH6SCPZQ8TNJPKDE,25.9,2508531,2023-04-10 00:08:00 UTC,,,
0F98AHD760TTEX4CQARHPDT5RM,25.4,2508531,2023-04-10 00:13:00 UTC,,,
0F98AM8RW026RDQF9AP8WSDG1V,24.9,2508531,2023-04-10 00:18:00 UTC,,,
0F98AQ4AJ0Z6FFVWA5ZX6KFMC1,25.9,2508531,2023-04-10 00:23:00 UTC,,,
0F98ASZW80WKAW4YRJXNMD4BJY,26.0,2508531,2023-04-10 00:28:00 UTC,,,
0F98AWVDY064D5Y2RJWEFDFCF8,25.6,2508531,2023-04-10 00:33:00 UTC,,,
0F98AZPZM08D0E7T9TYAAT0XYN,25.8,2508531,2023-04-10 00:38:00 UTC,,,
0F98B2JHA0QMCZK02QQV0ZAT71,25.1,2508531,2023-04-10 00:43:00 UTC,,,
0F98B5E3009CFG4GRWYZKH3KXP,24.7,2508531,2023-04-10 00:48:00 UTC,,,
0F98B89MP0V1AAVGSZAB05K0BK,23.5,2508531,2023-04-10 00:53:00 UTC,,,
0F98BB56C0Y0FMJ56W82KY63C6,24.2,2508531,2023-04-10 00:58:00 UTC,,,
0F98BE0R206E5TW6R0Y1JZ6XS7,25.5,2508531,2023-04-10 01:03:00 UTC,,,
0F98BGW9R0TGVVMQ50Q6ANT3TD,24.6,2508531,2023-04-10 01:08:00 UTC,,,
0F98BKQVE0Y6WK9RREFXH49SRQ,23.1,2508531,2023-04-10 01:13:00 UTC,,,
0F98BPKD40QE6MZS41PAE741X1,24.3,2508531,2023-04-10 01:18:00 UTC,,,
0F98BSEYT0ECJR378Y31QFWRGS,24.9,2508531,2023-04-10 01:23:00 UTC,,,
0F98BWAGG0CH6JGTQ6VYED9W3W,24.0,2508531,2023-04-10 01:28:00 UTC,,,
0F98BZ6260M7BMPX7BPAHR3B1M,23.7,2508531,2023-04-10 01:33:00 UTC,,,
0F98C21KW0B508W0WT9VHKS9VW,24.1,2508531,2023-04-10 01:38:00 UTC,,,
0F98C4X5J0TFP88GQ9Y2S7CJ6S,24.5,2508531,2023-04-10 01:43:00 UTC,,,
0F98C7RQ80Y7KT89QMRNKWX7RV,24.5,2508531,2023-04-10 01:48:00 UTC,,,
0F98CAM8Y09B7SBAGD0VR43PQZ,22.7,2508531,2023-04-10 01:53:00 UTC,,,
0F98CDFTM0K81C0ZEK4RFGFEAA,25.0,2508531,2023-04-10 01:58:00 UTC,,,
0F98CGBCA0Y6AQSPZ2GZ30YDKT,25.1,2508531,2023-04-10 02:03:00 UTC,,,
0F98CK6Y00V7MB9ANM71PV6CKC,26.1,2508531,2023-04-10 02:08:00 UTC,,,
0F98CP2FP0GHFPG58ZAFFNWMF0,23.8,2508531,2023-04-10 02:13:00 UTC,,,
0F98CRY1C03HWG8J6AX8GE2DAB,23.5,2508531,2023-04-10 02:18:00 UTC,,,
0F98CVSK20SET8V78MNZBR5PBW,24.7,2508531,2023-04-10 02:23:00 UTC,,,
0F98CYN4R0Z940EG0M3GFTZA3E,23.8,2508531,2023-04-10 02:28:00 UTC,,,
0F98D1GPE0FD8RF6HV28T83QWR,27.2,2508531,2023-04-10 02:33:00 UTC,,,
0F98D4C840AG6F7RTVNZQN58AJ,25.0,2508531,2023-04-10 02:38:00 UTC,,,
0F98D77ST0Z3SM50A9MSAWK1DZ,24.9,2508531,2023-04-10 02:43:00 UTC,,,
0F98DA3BG0468HWRN8JKBXKXQW,24.6,2508531,2023-04-10 02:48:00 UTC,,,
0F98DCYX60KJKWTGW8XCC0D1Z5,24.9,2508531,2023-04-10 02:53:00 UTC,,,
0F98DFTEW0K94PV4BNZCZ7W4A5,24.2,2508531,2023-04-10 02:58:00 UTC,,,
0F98DJP0J0SB4Z0JVVM8CHE2K5,26.3,2508531,2023-04-10 03:03:00 UTC,,,
0F98DNHJ80W77C6HVRSKD6RCGE,25.3,2508531,2023-04-10 03:08:00 UTC,,,
0F98DRD3Y0QJW0GJK5YY5R4E36,23.7,2508531,2023-04-10 03:13:00 UTC,,,
0F98DV8NM011WBZYW3AMDNB2GM,23.9,2508531,2023-04-10 03:18:00 UTC,,,
0F98DY47A0436HE6XRQ90DQQPK,24.8,2508531,2023-04-10 03:23:00 UTC,,,
0F98E0ZS00XB69BGS84NK0DDWN,23.5,2508531,2023-04-10 03:28:00 UTC,,,
0F98E3VAP0AT15HQZ12WKAS8Q3,26.9,2508531,2023-04-10 03:33:00 UTC,,,
0F98E6PWC014G51SDV3D4ESG3M,25.4,2508531,2023-04-10 03:38:00 UTC,,,
0F98E9JE20XXWZT3ECEDK03X1D,24.9,2508531,2023-04-10 03:43:00 UTC,,,
0F98ECDZR0VFP20K139G4WARWW,24.4,2508531,2023-04-10 03:48:00 UTC,,,
0F98EF9HE0W9FTT7CYJX7MFAQ3,26.4,2508531,2023-04-10 03:53:00 UTC,,,
0F98EJ5340QPNDVWD4RRDHGB6M,25.0,2508531,2023-04-10 03:58:00 UTC,,,
0F98EN0MT08AQ1PS8WSA3WJE64,23.2,2508531,2023-04-10 04:03:00 UTC,,,
0F98EQW6G009865YDX5HJ8N8NQ,25.1,2508531,2023-04-10 04:08:00 UTC,,,
0F98ETQR602FZJ0ETSEXW4WT2E,26.5,2508531,2023-04-10 04:13:00 UTC,,,
0F98EXK9W0F03N73XE6D4B52QW,24.9,2508531,2023-04-10 04:18:00 UTC,,,
0F98F0EVJ0MT033WZ7HCDX3AQP,23.2,2508531,2023-04-10 04:23:00 UTC,,,
0F98F3AD80NKS2SPHV9PJWSH27,25.1,2508531,2023-04-10 04:28:00 UTC,,,
0F98F65YY0NYPC0P3FT3DZYGP2,25.5,2508531,2023-04-10 04:33:00 UTC,,,
0F98F91GM0MZCS3SFDA2AHF5GY,24.7,2508531,2023-04-10 04:38:00 UTC,,,
0F98FBX2A0XP4T6VJW281F5S6V,25.7,2508531,2023-04-10 04:43:00 UTC,,,
0F98FERM00HBMGK2HPBARJRB8F,25.7,2508531,2023-04-10 04:48:00 UTC,,,
0F98FHM5P0HH2JFQ2K0HTDM82S,25.9,2508531,2023-04-10 04:53:00 UTC,,,
0F98FMFQC0VN4RH7D9NPTXFS4W,23.2,2508531,2023-04-10 04:58:00 UTC,,,
0F98FQB9202JWRTQMEZW27Y4FH,24.5,2508531,2023-04-10 05:03:00 UTC,,,
0F98FT6TR0MS0VY4ANHT3X7J60,25.7,2508531,2023-04-10 05:08:00 UTC,,,
0F98FX2CE07XJZCAX0H9C18CXA,25.4,2508531,2023-04-10 05:13:00 UTC,,,
0F98FZXY40SF5HPFR3NRQRDE03,24.5,2508531,2023-04-10 05:18:00 UTC,,,
0F98G2SFT0GQCD0N64C97FF9FN,24.7,2508531,2023-04-10 05:23:00 UTC,,,
0F98G5N1G0M2HTD18AFPPGYYZW,25.9,2508531,2023-04-10 05:28:00 UTC,,,
0F98G8GK607025G7H9PZ3GTWWB,25.7,2508531,2023-04-10 05:33:00 UTC,,,
0F98GBC4W06W01JTMK2V88KT47,24.3,2508531,2023-04-10 05:38:00 UTC,,,
0F98GE7PJ08N9T0C44A0ZS2TTH,27.2,2508531,2023-04-10 05:43:00 UTC,,,
0F98GH38805QCEHAAR2WYQCS6G,25.3,2508531,2023-04-10 05:48:00 UTC,,,
0F98GKYSY0D8E2Y1X7BCPC3K3A,26.9,2508531,2023-04-10 05:53:00 UTC,,,
0F98GPTBM06E167PWD8J62EWR5,26.5,2508531,2023-04-10 05:58:00 UTC,,,
0F98GSNXA0ACZXV58V4TE8W7AE,23.2,2508531,2023-04-10 06:03:00 UTC,,,
0F98GWHF00JJMSKE1QKXRNBJ9B,24.8,2508531,2023-04-10 06:08:00 UTC,,,
0F98GZD0P0CAPAWVAH1YABFRMK,23.2,2508531,2023-04-10 06:13:00 UTC,,,
0F98H28JC07F2SBJD4NNJE07Q2,23.5,2508531,2023-04-10 06:18:00 UTC,,,
0F98H54420G6MV790445Y36D80,24.2,2508531,2023-04-10 06:23:00 UTC,,,
0F98H7ZNR0P2YXG7ZDMZ15CK0H,25.7,2508531,2023-04-10 06:28:00 UTC,,,
0F98HAV7E05ENN3SA4DJ6SE84X,24.7,2508531,2023-04-10 06:33:00 UTC,,,
0F98HDPS40H306QHDG867N05PX,25.4,2508531,2023-04-10 06:38:00 UTC,,,
0F98HGJAT0ESCKRX3KK2CJMA6K,24.9,2508531,2023-04-10 06:43:00 UTC,,,
0F98HKDWG02HYTQ9KTPD42NGTG,25.3,2508531,2023-04-10 06:48:00 UTC,,,
0F98HP9E60SAW3TDEQ3JJB0YNR,25.1,2508531,2023-04-10 06:53:00 UTC,,,
0F98HS4ZW0DB8NPA6GR0ZQRQM1,24.7,2508531,2023-04-10 06:58:00 UTC,,,
0F98HW0HJ0EJ227D3NM6083MAS,25.8,2508531,2023-04-10 07:03:00 UTC,,,
0F98HYW380MEF1RRZDYBJA0RGT,24.2,2508531,2023-04-10 07:08:00 UTC,,,
0F98J1QMY0DEEABAD602RZAS5Q,24.5,2508531,2023-04-10 07:13:00 UTC,,,
0F98J4K6M0EE11HGPRQBNS3DXM,25.0,2508531,2023-04-10 07:18:00 UTC,,,
0F98J7ERA0V1TBWCKSCDF9BMMK,24.9,2508531,2023-04-10 07:23:00 UTC,,,
0F98JAAA00B0C1YE8SKJ3W395P,26.0,2508531,2023-04-10 07:28:00 UTC,,,
0F98JD5VP0N493CSKDVPJZZVEG,27.1,2508531,2023-04-10 07:33:00 UTC,,,
0F98JG1DC0V1T914NVK6WFD5NB,24.4,2508531,2023-04-10 07:38:00 UTC,,,
0F98JJWZ20QVW7PA9SQH07FF3G,24.9,2508531,2023-04-10 07:43:00 UTC,,,
0F98JNRGR0TQSESPX2X8GP85TW,25.3,2508531,2023-04-10 07:48:00 UTC,,,
0F98JRM2E0TCZ2ZCQWRN5SPZQF,25.2,2508531,2023-04-10 07:53:00 UTC,,,
0F98JVFM403B8S9H3DWK96XKRX,24.8,2508531,2023-04-10 07:58:00 UTC,,,
0F98JYB5T01J9F9MJ5J2HS3PT9,26.2,2508531,2023-04-10 08:03:00 UTC,,,
0F98K16QG09A7E828QJRCGJDC9,26.6,2508531,2023-04-10 08:08:00 UTC,,,
0F98K429601Q2VCGVGKSXT3WC5,26.8,2508531,2023-04-10 08:13:00 UTC,,,
0F98K6XTW0X9MENY1Y5T9VZ92B,24.7,2508531,2023-04-10 08:18:00 UTC,,,
0F98K9SCJ0X2QBERZSPANNN0ZJ,24.6,2508531,2023-04-10 08:23:00 UTC,,,
0F98KCMY80DP8MXWTFNV20X9S1,24.6,2508531,2023-04-10 08:28:00 UTC,,,
0F98KFGFY0B8KBV2YGMK30KG4Z,25.7,2508531,2023-04-10 08:33:00 UTC,,,
0F98KJC1M0123RMKHX97BA0C95,24.1,2508531,2023-04-10 08:38:00 UTC,,,
0F98KN7KA0BYM713D8BWNPFMBN,24.2,2508531,2023-04-10 08:43:00 UTC,,,
0F98KR3500XBDXBWP28QT993Q9,24.8,2508531,2023-04-10 08:48:00 UTC,,,
0F98KTYPP07JKN0WTW4P02KW0H,25.1,2508531,2023-04-10 08:53:00 UTC,,,
0F98KXT8C075T7DFDGHD2E4QHC,24.6,2508531,2023-04-10 08:58:00 UTC,,,
0F98M0NT20FXCCZ4ZS6J8A6863,25.8,2508531,2023-04-10 09:03:00 UTC,,,
0F98M3HBR0BF5YZG98SX1CHQ71,23.3,2508531,2023-04-10 09:08:00 UTC,,,
0F98M6CXE07DMEV0VT810BGZEN,26.9,2508531,2023-04-10 09:13:00 UTC,,,
0F98M98F407QESDGEHDVJEE7VX,23.9,2508531,2023-04-10 09:18:00 UTC,,,
0F98MC40T0HRVH15TP85JXEEJH,26.1,2508531,2023-04-10 09:23:00 UTC,,,
0F98MEZJG0A3QZRKVS3FH6DFTD,24.7,2508531,2023-04-10 09:28:00 UTC,,,
0F98MHV4607F1QNSCNVBAK1Y8C,25.4,2508531,2023-04-10 09:33:00 UTC,,,
0F98MMPNW0KBYC8E9E74RV70K9,23.3,2508531,2023-04-10 09:38:00 UTC,,,
0F98MQJ7J0J398ANHQWC4ASPB1,25.4,2508531,2023-04-10 09:43:00 UTC,,,
0F98MTDS800JB603GG4G12V2F3,24.7,2508531,2023-04-10 09:48:00 UTC,,,
0F98MX9AY0PFWVE34FDFSZA7NQ,23.3,2508531,2023-04-10 09:53:00 UTC,,,
0F98N04WM0H6H7EZ21M9SJSGZV,25.0,2508531,2023-04-10 09:58:00 UTC,,,
0F98N30EA0JHM02DCD83NCB0C9,23.2,2508531,2023-04-10 10:03:00 UTC,,,
0F98N5W000PXGJZG4FDND29TG7,25.2,2508531,2023-04-10 10:08:00 UTC,,,
0F98N8QHP0TCK578HFKVSQ6A09,24.1,2508531,2023-04-10 10:13:00 UTC,,,
0F98NBK3C08Y5HZC0SKJ9FHF61,26.0,2508531,2023-04-10 10:18:00 UTC,,,
0F98NEEN20AQC64XRPTW41T6PY,25.5,2508531,2023-04-10 10:23:00 UTC,,,
0F98NHA6R07E3WB0YFQCY6QHAD,25.7,2508531,2023-04-10 10:28:00 UTC,,,
0F98NM5RE0W9DS3Y9PYMT1KJZT,26.2,2508531,2023-04-10 10:33:00 UTC,,,
0F98NQ1A40V9WX3FNN240ED5G3,25.5,2508531,2023-04-10 10:38:00 UTC,,,
0F98NSWVT0E2PJNKFXRRA4M81K,25.6,2508531,2023-04-10 10:43:00 UTC,,,
0F98NWRDG0XNSXAXK28NSWAN6Q,25.4,2508531,2023-04-10 10:48:00 UTC,,,
0F98NZKZ60AJCDQMV2WEHQHF9S,26.9,2508531,2023-04-10 10:53:00 UTC,,,
0F98P2FGW0C27DN23T5KDHSP16,23.4,2508531,2023-04-10 10:58:00 UTC,,,
0F98P5B2J0D5B0SKW8M0GJ3NBK,24.8,2508531,2023-04-10 11:03:00 UTC,,,
0F98P86M80SH48WHKYNFRK5FC5,26.1,2508531,2023-04-10 11:08:00 UTC,,,
0F98PB25Y0304TWRG47BYEJE1P,25.5,2508531,2023-04-10 11:13:00 UTC,,,
0F98PDXQM0HY993NH5TD8B5QB5,24.8,2508531,2023-04-10 11:18:00 UTC,,,
0F98PGS9A0YH46PNFGBP5DB55B,25.1,2508531,2023-04-10 11:23:00 UTC,,,
0F98PKMV00WDY04K06V4W8QY2P,24.3,2508531,2023-04-10 11:28:00 UTC,,,
0F98PPGCP0PEEV9QA15AA4Y8HQ,25.9,2508531,2023-04-10 11:33:00 UTC,,,
0F98PSBYC0EQ68ZD1Q29KHNV0D,24.6,2508531,2023-04-10 11:38:00 UTC,,,
0F98PW7G20V1B2EMJXG21C177V,25.5,2508531,2023-04-10 11:43:00 UTC,,,
0F98PZ31R00KPYYXF2574D9DC1,25.8,2508531,2023-04-10 11:48:00 UTC,,,
0F993XY6E0A8P7GWM0HE8HCFVY,25.1,2508531,2023-04-10 23:53:00 UTC,,,
0F9940SR40CTDDQKKX15XMFF44,24.2,2508531,2023-04-10 23:58:00 UTC,,,
0F9943N9T0QARYA5ZZ4Y68WT91,24.3,2508531,2023-04-11 00:03:00 UTC,,,
0F9946GVG0F49YZ10GNRQ08QC9,23.6,2508531,2023-04-11 00:08:00 UTC,,,
0F9949CD602H7TA61Y60NK8NHY,26.3,2508531,2023-04-11 00:13:00 UTC,,,
0F994C7YW0ZZ3AH580EYGGMFVM,24.3,2508531,2023-04-11 00:18:00 UTC,,,
0F994F3GJ0VYK91KA3THY57621,25.7,2508531,2023-04-11 00:23:00 UTC,,,
0F994HZ280549HFVWKKRTA1627,23.9,2508531,2023-04-11 00:28:00 UTC,,,
0F994MTKY0ACWC4GHMDY0YS9QK,25.2,2508531,2023-04-11 00:33:00 UTC,,,
0F994QP5M0CJXDG2CN96BHY5H0,25.9,2508531,2023-04-11 00:38:00 UTC,,,
0F994THQA0FF9PFQB4A14WX64S,23.7,2508531,2023-04-11 00:43:00 UTC,,,
0F994XD900VBMMQJHZKFJBMBHB,25.1,2508531,2023-04-11 00:48:00 UTC,,,
0F99508TP02Q3938ZHXFQPFRSV,25.2,2508531,2023-04-11 00:53:00 UTC,,,
0F99534CC09GVXG51M340E3D8K,25.1,2508531,2023-04-11 00:58:00 UTC,,,
0F9955ZY20P31BWZMSYHB9ZRM7,24.5,2508531,2023-04-11 01:03:00 UTC,,,
0F9958VFR09G2YJP78C4NDQ5PN,25.0,2508531,2023-04-11 01:08:00 UTC,,,
0F995BQ1E0BSP7N3AN2GZEKJFF,24.6,2508531,2023-04-11 01:13:00 UTC,,,
0F995EJK40K6M277DE52RWF7ES,25.0,2508531,2023-04-11 01:18:00 UTC,,,
0F995HE4T03CAXV69ZW1GPHFEE,25.5,2508531,2023-04-11 01:23:00 UTC,,,
0F995M9PG0EAYQ3Q49T12WX2BT,25.6,2508531,2023-04-11 01:28:00 UTC,,,
0F995Q5860AXQ2GNYRPXCA7S54,25.3,2508531,2023-04-11 01:33:00 UTC,,,
0F995T0SW0AP14JTCBYK3ZMXEW,22.8,2508531,2023-04-11 01:38:00 UTC,,,
0F995WWBJ0J1A40K6RBNBEAJJ9,24.9,2508531,2023-04-11 01:43:00 UTC,,,
0F995ZQX80EDFEW1S8NWRWY1VV,24.3,2508531,2023-04-11 01:48:00 UTC,,,
0F9962KEY01Z49X9H2YDKQ4HEN,24.2,2508531,2023-04-11 01:53:00 UTC,,,
0F9965F0M0D6V39QVAF55V3MN5,25.4,2508531,2023-04-11 01:58:00 UTC,,,
0F9968AJA0WZXH9DRA484W1WJF,24.0,2508531,2023-04-11 02:03:00 UTC,,,
0F996B6400XBBXR34R41N61AZG,23.9,2508531,2023-04-11 02:08:00 UTC,,,
0F996E1NP0D5S4D1NY5T9E3PYK,26.7,2508531,2023-04-11 02:13:00 UTC,,,
0F996GX7C04572JJAE6ZK09XZF,23.9,2508531,2023-04-11 02:18:00 UTC,,,
0F996KRS20Z0P57A5TMA2JFZTG,25.3,2508531,2023-04-11 02:23:00 UTC,,,
0F996PMAR0XB96XEVVXMY239X1,24.2,2508531,2023-04-11 02:28:00 UTC,,,
0F996SFWE032R3Z7FS0QAJH5NW,23.9,2508531,2023-04-11 02:33:00 UTC,,,
0F996WBE405MA858Q5WFZ7ZQY2,25.6,2508531,2023-04-11 02:38:00 UTC,,,
0F996Z6ZT0BCGVD1Z38C8R2RBV,25.5,2508531,2023-04-11 02:43:00 UTC,,,
0F99722HG01S0CZ6DAT9EBXX4B,24.3,2508531,2023-04-11 02:48:00 UTC,,,
0F9974Y36023CF9EZV8GSDJ28F,27.6,2508531,2023-04-11 02:53:00 UTC,,,
0F9977SMW0WR4222AFNNVR8C52,26.1,2508531,2023-04-11 02:58:00 UTC,,,
0F997AN6J0FZ1GFRD00MYB7DG3,24.8,2508531,2023-04-11 03:03:00 UTC,,,
0F997DGR80G0S5B99XZYK71X8R,23.5,2508531,2023-04-11 03:08:00 UTC,,,
0F997GC9Y0CG5FQ0M5Y8G1K6Q8,25.3,2508531,2023-04-11 03:13:00 UTC,,,
0F997K7VM065YYR3VC1S58JDPT,23.8,2508531,2023-04-11 03:18:00 UTC,,,
0F997P3DA0HDFVB4R02KV3T957,24.8,2508531,2023-04-11 03:23:00 UTC,,,
0F997RYZ00C6QFRVEMNMVH0JJ9,25.4,2508531,2023-04-11 03:28:00 UTC,,,
0F997VTGP06SQ19WF6TSAFP8YC,26.4,2508531,2023-04-11 03:33:00 UTC,,,
0F997YP2C0YJEPNW0XT5WYG9AV,24.5,2508531,2023-04-11 03:38:00 UTC,,,
0F9981HM202X3H660C5200XYP2,24.8,2508531,2023-04-11 03:43:00 UTC,,,
0F9984D5R005NQZ5XYX7ER6WS6,25.3,2508531,2023-04-11 03:48:00 UTC,,,
0F99878QE0J8C60E07GG4F57Q4,24.8,2508531,2023-04-11 03:53:00 UTC,,,
0F998A49401KWEHNSBA926J2JN,25.4,2508531,2023-04-11 03:58:00 UTC,,,
0F998CZTT03Y4RXXXZ0Z9EVHKK,25.9,2508531,2023-04-11 04:03:00 UTC,,,
0F998FVCG02P16XMA170ENJ5AT,25.1,2508531,2023-04-11 04:08:00 UTC,,,
0F998JPY60QEAM8NRCZFBV8MYW,25.6,2508531,2023-04-11 04:13:00 UTC,,,
0F998NJFW0E7PNA1DKWVCM28Z5,25.5,2508531,2023-04-11 04:18:00 UTC,,,
0F998RE1J004346EFV9SK64BTN,26.7,2508531,2023-04-11 04:23:00 UTC,,,
0F998V9K80QXYTKYKN5NFJANZH,23.9,2508531,2023-04-11 04:28:00 UTC,,,
0F998Y54Y0KTXAW0ETVX0JAESH,24.3,2508531,2023-04-11 04:33:00 UTC,,,
0F99910PM0F5AQCHB8S9EAPE01,25.6,2508531,2023-04-11 04:38:00 UTC,,,
0F9993W8A074463MK64DXKY0Q9,25.5,2508531,2023-04-11 04:43:00 UTC,,,
0F9996QT004RAXEK6MP9ZPY92D,24.6,2508531,2023-04-11 04:48:00 UTC,,,
0F9999KBP0RAW6B79NR6G4YY8F,26.8,2508531,2023-04-11 04:53:00 UTC,,,
0F999CEXC0W3GBM3TZK9P5ZSDK,24.9,2508531,2023-04-11 04:58:00 UTC,,,
0F999FAF20VZ9ZGE9NJFNSMQR6,23.9,2508531,2023-04-11 05:03:00 UTC,,,
0F999J60R0VDSMBGDBH773KF1H,24.5,2508531,2023-04-11 05:08:00 UTC,,,
0F999N1JE0CM9G1DYB606DHR7M,24.6,2508531,2023-04-11 05:13:00 UTC,,,
0F999QX440ENKT7SNRCQDZGNZN,25.2,2508531,2023-04-11 05:18:00 UTC,,,
0F999TRNT0FT94Q23GDB6Z2F48,25.6,2508531,2023-04-11 05:23:00 UTC,,,
0F999XM7G055ENVZ695PJMFJJY,26.1,2508531,2023-04-11 05:28:00 UTC,,,
0F99A0FS60DEG85BHR7SG1XMRX,25.7,2508531,2023-04-11 05:33:00 UTC,,,
0F99A3BAW0Q6RH88M22QBDBJ4M,24.3,2508531,2023-04-11 05:38:00 UTC,,,
0F99A66WJ06A0XX4K5N2ECFMR5,24.2,2508531,2023-04-11 05:43:00 UTC,,,
0F99A92E80G4DJXVWRWPXNV3ZQ,25.0,2508531,2023-04-11 05:48:00 UTC,,,
0F99ABXZY0QNNV0M1FYQ7NEER7,23.3,2508531,2023-04-11 05:53:00 UTC,,,
0F99AESHM0VVN9J6EVWWJX223G,25.2,2508531,2023-04-11 05:58:00 UTC,,,
0F99AHN3A08SSVHKTBB54YEWDD,24.7,2508531,2023-04-11 06:03:00 UTC,,,
0F99AMGN006N1TEKRWDN3AWT7S,24.9,2508531,2023-04-11 06:08:00 UTC,,,
0F99AQC6P0HT4QXY7RQK7TMZ16,25.2,2508531,2023-04-11 06:13:00 UTC,,,
0F99AT7RC05XKN24FCA37J4HSQ,23.7,2508531,2023-04-11 06:18:00 UTC,,,
0F99AX3A20BFT1S32W57SZFH8Y,26.7,2508531,2023-04-11 06:23:00 UTC,,,
0F99AZYVR0BN1GDGFJWADBGZK4,25.7,2508531,2023-04-11 06:28:00 UTC,,,
0F99B2TDE06S3GVPD023XQVP25,24.3,2508531,2023-04-11 06:33:00 UTC,,,
0F99B5NZ40PK60YAF7Y7EKQZ6F,23.5,2508531,2023-04-11 06:38:00 UTC,,,
0F99B8HGT0MG2TVQ0BB3EM7ND2,23.8,2508531,2023-04-11 06:43:00 UTC,,,
0F99BBD2G06ZKEK9Y6FMD1NX32,25.0,2508531,2023-04-11 06:48:00 UTC,,,
0F99BE8M60MZFPXNXRKEF2F344,23.1,2508531,2023-04-11 06:53:00 UTC,,,
0F99BH45W0YTSZW7Z8WV0TJFTW,24.2,2508531,2023-04-11 06:58:00 UTC,,,
0F99BKZQJ05EJXNN8RJ75GZRPW,24.1,2508531,2023-04-11 07:03:00 UTC,,,
0F99BPV98029VDQM0H8Y1G2VP3,24.6,2508531,2023-04-11 07:08:00 UTC,,,
0F99BSPTY039GHW7EADMBCA9XY,25.7,2508531,2023-04-11 07:13:00 UTC,,,
0F99BWJCM0GEEDZNVY3BSEXKHH,24.2,2508531,2023-04-11 07:18:00 UTC,,,
0F99BZDYA0P3HVY7RJ90Y9GH8Y,26.0,2508531,2023-04-11 07:23:00 UTC,,,
0F99C29G00YK488N16R67XSTEH,23.0,2508531,2023-04-11 07:28:00 UTC,,,
0F99C551P0RRBAHPTQYTMXYKXG,25.5,2508531,2023-04-11 07:33:00 UTC,,,
0F99C80KC02BRYEBJKGMHCSNZM,25.8,2508531,2023-04-11 07:38:00 UTC,,,
0F99CAW520VQJEG9SNGRAYKD00,24.3,2508531,2023-04-11 07:43:00 UTC,,,
0F99CDQPR0WBRB7CQ48VJN4NYW,23.8,2508531,2023-04-11 07:48:00 UTC,,,
0F99CGK8E0FDEK5CNNK5EQ6GTG,23.0,2508531,2023-04-11 07:53:00 UTC,,,
0F99CKET408416Q3VJPJFBA7RZ,24.4,2508531,2023-04-11 07:58:00 UTC,,,
0F99CPABT0PAAAFSCZYHJ7TSDM,25.9,2508531,2023-04-11 08:03:00 UTC,,,
0F99CS5XG0FCJKXHAK3JT0E6XP,25.0,2508531,2023-04-11 08:08:00 UTC,,,
0F99CW1F607Y1CM8V97HG3FMAZ,24.0,2508531,2023-04-11 08:13:00 UTC,,,
0F99CYX0W0EQ6ZC89FHRQ3YB4A,24.2,2508531,2023-04-11 08:18:00 UTC,,,
0F99D1RJJ089QZY4MGX67J48VA,26.3,2508531,2023-04-11 08:23:00 UTC,,,
0F99D4M480PDMYRNWGHQQGDG2W,25.2,2508531,2023-04-11 08:28:00 UTC,,,
0F99D7FNY054WJ3Y0617730XPK,24.2,2508531,2023-04-11 08:33:00 UTC,,,
0F99DAB7M0YS80WJA48BT8M0E3,24.2,2508531,2023-04-11 08:38:00 UTC,,,
0F99DD6SA0XJ02VJMF8CW4NXBJ,23.0,2508531,2023-04-11 08:43:00 UTC,,,
0F99DG2B00HTDBSKKZWY1DVDFY,26.0,2508531,2023-04-11 08:48:00 UTC,,,
0F99DJXWP0D98Q0R7FA05MAC5B,26.2,2508531,2023-04-11 08:53:00 UTC,,,
0F99DNSEC0GY7BVHAWDF6CJ062,25.0,2508531,2023-04-11 08:58:00 UTC,,,
0F99DRN020K05G734ABV4TFYHX,25.0,2508531,2023-04-11 09:03:00 UTC,,,
0F99DVGHR03GDR2VDJE8NKNSW2,25.7,2508531,2023-04-11 09:08:00 UTC,,,
0F99DYC3E0FRSAP70C18JV19KR,24.6,2508531,2023-04-11 09:13:00 UTC,,,
0F99E17N40WHM1N5FWVTJX5HC5,23.6,2508531,2023-04-11 09:18:00 UTC,,,
0F99E436T0PFQ0QQ4YVTFNCHJ9,25.0,2508531,2023-04-11 09:23:00 UTC,,,
0F99E6YRG0DZEXBGE9RPQM1VBC,25.5,2508531,2023-04-11 09:28:00 UTC,,,
0F99E9TA60GQ3PBXR5KGJNCY4N,24.5,2508531,2023-04-11 09:33:00 UTC,,,
0F99ECNVW04B3QHRWEQ56KS6ES,25.5,2508531,2023-04-11 09:38:00 UTC,,,
0F99EFHDJ0QA6TZWYX71M91VT8,24.9,2508531,2023-04-11 09:43:00 UTC,,,
0F99EJCZ8078XNT2X408XYYRV8,24.2,2508531,2023-04-11 09:48:00 UTC,,,
0F99EN8GY0YPGAR34AQYAKKM5P,25.0,2508531,2023-04-11 09:53:00 UTC,,,
0F99ER42M0R7BAKNZEQG35BRSB,24.7,2508531,2023-04-11 09:58:00 UTC,,,
0F99ETZMA0CK9EKS5NYQF314E3,25.1,2508531,2023-04-11 10:03:00 UTC,,,
0F99EXV600SPA423WWX007C5F6,24.6,2508531,2023-04-11 10:08:00 UTC,,,
0F99F0PQP0EG5C8XYW6JQE0AAJ,21.9,2508531,2023-04-11 10:13:00 UTC,,,
0F99F3J9C07N4KP5ESMM8CBTB4,25.9,2508531,2023-04-11 10:18:00 UTC,,,
0F99F6DV20P2NY78FDQS0TEMKW,24.7,2508531,2023-04-11 10:23:00 UTC,,,
0F99F99CR0QY3Z0WBVF3FBVR6D,25.6,2508531,2023-04-11 10:28:00 UTC,,,
0F99FC4YE00JVPJ041AMRWPGZS,26.6,2508531,2023-04-11 10:33:00 UTC,,,
0F99FF0G400PVJEBYF9F1C7QMS,26.8,2508531,2023-04-11 10:38:00 UTC,,,
0F99FHW1T01PWYS2E8EBD713FW,23.0,2508531,2023-04-11 10:43:00 UTC,,,
0F99FMQKG0P7CVNRAN8B5F0ST9,25.0,2508531,2023-04-11 10:48:00 UTC,,,
0F99FQK560EYS504VTGSA1GAC0,21.3,2508531,2023-04-11 10:53:00 UTC,,,
0F99FTEPW0AWS3QHF6NHC0D74E,23.3,2508531,2023-04-11 10:58:00 UTC,,,
0F99FXA8J0XAZM3DXJREZ1M84T,24.7,2508531,2023-04-11 11:03:00 UTC,,,
0F99G05T80VZSKJYWCKW72VTAE,24.2,2508531,2023-04-11 11:08:00 UTC,,,
0F99G31BY0A25PBM7RQF0ZC451,25.2,2508531,2023-04-11 11:13:00 UTC,,,
0F99G5WXM0BTG0DAB0QT9QS2FN,25.0,2508531,2023-04-11 11:18:00 UTC,,,
0F99G8RFA0ZJTWQE5S57KSMB39,25.7,2508531,2023-04-11 11:23:00 UTC,,,
0F99GBM100M1D3TTXRAK4VV23N,25.1,2508531,2023-04-11 11:28:00 UTC,,,
0F99GEFJP0Z2M8FWWA7YJHP8BP,25.2,2508531,2023-04-11 11:33:00 UTC,,,
0F99GHB4C07WYGNPZXM355AN1W,24.0,2508531,2023-04-11 11:38:00 UTC,,,
0F99GM6P20AXBNK47741NGNTZ5,24.8,2508531,2023-04-11 11:43:00 UTC,,,
0F99GQ27R0DA25NEGT90V4PWRR,26.5,2508531,2023-04-11 11:48:00 UTC,,,
0F99XNXCE0VQ7YV0DAKMNQ54GS,24.4,2508531,2023-04-11 23:53:00 UTC,,,
0F99XRRY40EZY6YK9B31TKNK4M,25.0,2508531,2023-04-11 23:58:00 UTC,,,
0F99XVMFT0XF2GANH6DS26ZY4A,25.5,2508531,2023-04-12 00:03:00 UTC,,,
0F99XYG1G0TN5YC0S69BDFCJR6,25.7,2508531,2023-04-12 00:08:00 UTC,,,
0F99Y1BK60TCVWNCK9HSZWMFRF,25.7,2508531,2023-04-12 00:13:00 UTC,,,
0F99Y474W0RASJ9YDG0P3T8KZX,24.0,2508531,2023-04-12 00:18:00 UTC,,,
0F99Y72PJ0KH9QB28TBYTKMZF9,24.5,2508531,2023-04-12 00:23:00 UTC,,,
0F99Y9Y880TCT4RJNZGVRYSYCK,25.8,2508531,2023-04-12 00:28:00 UTC,,,
0F99YCSSY0XD31C683SH6HMGN4,26.1,2508531,2023-04-12 00:33:00 UTC,,,
0F99YFNBM0W4EZ8DGRHZV15N24,25.4,2508531,2023-04-12 00:38:00 UTC,,,
0F99YJGXA0S0QJJE7JFRSPE766,24.2,2508531,2023-04-12 00:43:00 UTC,,,
0F99YNCF00SVH67DKE47WM1M54,25.9,2508531,2023-04-12 00:48:00 UTC,,,
0F99YR80P0P7X60YKNMGSVKGZ8,26.5,2508531,2023-04-12 00:53:00 UTC,,,
0F99YV3JC0PQQC40FVT4GCX4Q6,23.5,2508531,2023-04-12 00:58:00 UTC,,,
0F99YXZ4206T7MGR2VDN7VCM76,25.3,2508531,2023-04-12 01:03:00 UTC,,,
0F99Z0TNR0KR5PTSDN5NAA86A1,22.0,2508531,2023-04-12 01:08:00 UTC,,,
0F99Z3P7E0WV73TM4M8B26JMXM,24.4,2508531,2023-04-12 01:13:00 UTC,,,
0F99Z6HS40BQTB546AFC0G02G3,24.4,2508531,2023-04-12 01:18:00 UTC,,,
0F99Z9DAT0FMTY4A7K80MN139K,23.0,2508531,2023-04-12 01:23:00 UTC,,,
0F99ZC8WG0X4H9ZXA9MWAJXTGX,25.7,2508531,2023-04-12 01:28:00 UTC,,,
0F99ZF4E60RC7740ME1HNSCRTK,25.4,2508531,2023-04-12 01:33:00 UTC,,,
0F99ZHZZW03EBFTJB4FJ8V6MP5,24.1,2508531,2023-04-12 01:38:00 UTC,,,
0F99ZMVHJ0A5CWDV58X4VKDE66,23.7,2508531,2023-04-12 01:43:00 UTC,,,
0F99ZQQ380Q9P5V15QGWMCGKB2,25.6,2508531,2023-04-12 01:48:00 UTC,,,
0F99ZTJMY0AYF5N2DYSXFYMX8M,25.7,2508531,2023-04-12 01:53:00 UTC,,,
0F99ZXE6M0EF6PQ05YCWQMV91A,24.0,2508531,2023-04-12 01:58:00 UTC,,,
0F9A009RA0ANQ2MH8YMTY4JZ4W,24.4,2508531,2023-04-12 02:03:00 UTC,,,
0F9A035A00BZTZNMEHYSNS5FAW,25.2,2508531,2023-04-12 02:08:00 UTC,,,
0F9A060VP04QJ4SKBBPKHG3YGF,25.2,2508531,2023-04-12 02:13:00 UTC,,,
0F9A08WDC0YZWYWC7CYJK58T9J,24.3,2508531,2023-04-12 02:18:00 UTC,,,
0F9A0BQZ20WG3FNBV64FKQY914,25.8,2508531,2023-04-12 02:23:00 UTC,,,
0F9A0EKGR0DQHRXNY0ZZC8Z2X0,26.5,2508531,2023-04-12 02:28:00 UTC,,,
0F9A0HF2E0TQDPMZ51XB7PWDTV,24.6,2508531,2023-04-12 02:33:00 UTC,,,
0F9A0MAM40PH06JZF08WB4WE86,25.7,2508531,2023-04-12 02:38:00 UTC,,,
0F9A0Q65T091W8SSD1W4EESNYM,24.5,2508531,2023-04-12 02:43:00 UTC,,,
0F9A0T1QG0CFJ267DJ5A1NXSKE,27.0,2508531,2023-04-12 02:48:00 UTC,,,
0F9A0WX9605V59Y0AD0MA91NTM,24.1,2508531,2023-04-12 02:53:00 UTC,,,
0F9A0ZRTW0F6TYXBMD5F9E42VD,26.0,2508531,2023-04-12 02:58:00 UTC,,,
0F9A12MCJ0J41H257T3T8DMGXA,24.1,2508531,2023-04-12 03:03:00 UTC,,,
0F9A15FY804VRA5Z9BJHDRHN6F,24.1,2508531,2023-04-12 03:08:00 UTC,,,
0F9A18BFY0Y91W30QDA6HQECR0,24.7,2508531,2023-04-12 03:13:00 UTC,,,
0F9A1B71M0AZVPJCA14V0AC6ZG,23.8,2508531,2023-04-12 03:18:00 UTC,,,
0F9A1E2KA055PVAQDARNXZPVQF,26.4,2508531,2023-04-12 03:23:00 UTC,,,
0F9A1GY500QHNAX4W6JZ15B3H6,26.7,2508531,2023-04-12 03:28:00 UTC,,,
0F9A1KSPP0XSTBSX5P4YSYGJPV,25.8,2508531,2023-04-12 03:33:00 UTC,,,
0F9A1PN8C0GCZWPWEHSEK9M76T,26.0,2508531,2023-04-12 03:38:00 UTC,,,
0F9A1SGT20FZAQNQSNBXNDRYWS,26.3,2508531,2023-04-12 03:43:00 UTC,,,
0F9A1WCBR0A9VM7XEVGDBHYAHX,23.7,2508531,2023-04-12 03:48:00 UTC,,,
0F9A1Z7XE06W3ZHEB17RG5DP5A,23.5,2508531,2023-04-12 03:53:00 UTC,,,
0F9A223F40VJ8T9QSFRQ9TB55A,24.8,2508531,2023-04-12 03:58:00 UTC,,,
0F9A24Z0T0P3SY08DPGJX6MF23,24.5,2508531,2023-04-12 04:03:00 UTC,,,
0F9A27TJG0HH5CXHTVDK536BNJ,25.4,2508531,2023-04-12 04:08:00 UTC,,,
0F9A2AP460X268WE3DR2WZ9EKA,26.9,2508531,2023-04-12 04:13:00 UTC,,,
0F9A2DHNW0Z1X4RM6A7BR805YY,24.4,2508531,2023-04-12 04:18:00 UTC,,,
0F9A2GD7J033WMVPWATGGN2K60,26.0,2508531,2023-04-12 04:23:00 UTC,,,
0F9A2K8S80C77E467HEH6JVYD2,24.9,2508531,2023-04-12 04:28:00 UTC,,,
0F9A2P4AY020QK4TV5ZJQHQBT4,23.9,2508531,2023-04-12 04:33:00 UTC,,,
0F9A2RZWM016ACB3WMS5PQS9N3,24.5,2508531,2023-04-12 04:38:00 UTC,,,
0F9A2VVEA00JGET960MWW2QHT2,24.5,2508531,2023-04-12 04:43:00 UTC,,,
0F9A2YQ000HGEJ7CPH8HRKVMF6,25.7,2508531,2023-04-12 04:48:00 UTC,,,
0F9A31JHP0BFR3M9VNWA4GMCW6,25.4,2508531,2023-04-12 04:53:00 UTC,,,
0F9A34E3C0QFGYDNA30C2YS6AR,25.2,2508531,2023-04-12 04:58:00 UTC,,,
0F9A379N203Z2JV8GNM7BWBZJ5,27.7,2508531,2023-04-12 05:03:00 UTC,,,
0F9A3A56R0BKWVFPG5PNG1CWVM,27.8,2508531,2023-04-12 05:08:00 UTC,,,
0F9A3D0RE0BP16GT43BFY6DQJP,24.7,2508531,2023-04-12 05:13:00 UTC,,,
0F9A3FWA40S8VMGZ4N1PH95A50,26.5,2508531,2023-04-12 05:18:00 UTC,,,
0F9A3JQVT0Z2CBZMEQBX8TVCYP,23.7,2508531,2023-04-12 05:23:00 UTC,,,
0F9A3NKDG06EZSRWJQRM7WB6C3,25.3,2508531,2023-04-12 05:28:00 UTC,,,
0F9A3REZ602TNFEVE9DHK7EFV6,23.9,2508531,2023-04-12 05:33:00 UTC,,,
0F9A3VAGW0CW86N4CESERC4NR5,25.8,2508531,2023-04-12 05:38:00 UTC,,,
0F9A3Y62J0EGPNMJ6448EGV77S,24.0,2508531,2023-04-12 05:43:00 UTC,,,
0F9A411M80XC9NCBREN4EMP1QA,25.8,2508531,2023-04-12 05:48:00 UTC,,,
0F9A43X5Y0CKDX0T21SYJ707Q2,23.8,2508531,2023-04-12 05:53:00 UTC,,,
0F9A46RQM0CE8BVRM9JFAC3YBG,25.6,2508531,2023-04-12 05:58:00 UTC,,,
0F9A49M9A0DBGK4ZH7VAP207EB,28.7,2508531,2023-04-12 06:03:00 UTC,,,
0F9A4CFV002Z93V0CT2EE6MKJK,26.3,2508531,2023-04-12 06:08:00 UTC,,,
0F9A4FBCP0DTZ8R0Q74WK1R4K5,25.0,2508531,2023-04-12 06:13:00 UTC,,,
0F9A4J6YC0BWY3BD243YFDQPJM,23.8,2508531,2023-04-12 06:18:00 UTC,,,
0F9A4N2G20ZCXSMP4AN2WX0EYD,26.4,2508531,2023-04-12 06:23:00 UTC,,,
0F9A4QY1R0W7JGSSNESN90NG4V,23.4,2508531,2023-04-12 06:28:00 UTC,,,
0F9A4TSKE07KZ32TRYKDGFS0S1,25.4,2508531,2023-04-12 06:33:00 UTC,,,
0F9A4XN5406VVVXRNG2TSVZ9DM,24.1,2508531,2023-04-12 06:38:00 UTC,,,
0F9A50GPT0BCCP5EWD88P2A4G4,26.1,2508531,2023-04-12 06:43:00 UTC,,,
0F9A53C8G0A0D9948BYCG3ZM0R,26.0,2508531,2023-04-12 06:48:00 UTC,,,
0F9A567T60GAPD2TGQJ6SK2V1A,25.7,2508531,2023-04-12 06:53:00 UTC,,,
0F9A593BW0C8HKXACFYG4DM4R4,25.1,2508531,2023-04-12 06:58:00 UTC,,,
0F9A5BYXJ0K3B9PNMCZA0ZZKXY,27.5,2508531,2023-04-12 07:03:00 UTC,,,
0F9A5ETF80SXYB7EFCQVX0X7ZC,23.1,2508531,2023-04-12 07:08:00 UTC,,,
0F9A5HP0Y0FFK0PZ92CTWW4Y1R,25.1,2508531,2023-04-12 07:13:00 UTC,,,
0F9A5MHJM0MGDT5157WQKZBAQJ,26.5,2508531,2023-04-12 07:18:00 UTC,,,
0F9A5QD4A0MNJAPR8ZENV739BF,25.7,2508531,2023-04-12 07:23:00 UTC,,,
0F9A5T8P00VE1JF6FDCKV9QM76,24.5,2508531,2023-04-12 07:28:00 UTC,,,
0F9A5X47P0CFEAJDXJRMW5THRD,23.8,2508531,2023-04-12 07:33:00 UTC,,,
0F9A5ZZSC0PFQKNQX0JJJTJTXA,22.5,2508531,2023-04-12 07:38:00 UTC,,,
0F9A62VB209X6MD09ZQJFZZXZN,27.5,2508531,2023-04-12 07:43:00 UTC,,,
0F9A65PWR09QYMC6G2Y7XG5ET7,25.4,2508531,2023-04-12 07:48:00 UTC,,,
0F9A68JEE011KBVYXXP84V58SA,26.0,2508531,2023-04-12 07:53:00 UTC,,,
0F9A6BE040Y2W63SHG307PA2RT,25.1,2508531,2023-04-12 07:58:00 UTC,,,
0F9A6E9HT0GZ4ER3SW01MX7T34,25.1,2508531,2023-04-12 08:03:00 UTC,,,
0F9A6H53G0QA6NKT4K2PA24QZS,26.9,2508531,2023-04-12 08:08:00 UTC,,,
0F9A6M0N601EY43RZNCXN0WJ49,24.3,2508531,2023-04-12 08:13:00 UTC,,,
0F9A6PW6W0MMK1GBSC9RR09W3Q,23.9,2508531,2023-04-12 08:18:00 UTC,,,
0F9A6SQRJ0QGKBDDFNH4PW5AFR,26.4,2508531,2023-04-12 08:23:00 UTC,,,
0F9A6WKA80WPA2SYJM5G3PY7TV,25.1,2508531,2023-04-12 08:28:00 UTC,,,
0F9A6ZEVY05AQB7KRD6DJJ9X9H,26.3,2508531,2023-04-12 08:33:00 UTC,,,
0F9A72ADM00QFZVKYV7CE0YW0K,24.5,2508531,2023-04-12 08:38:00 UTC,,,
0F9A755ZA0VPF3RJ6AQC3MXA5D,22.6,2508531,2023-04-12 08:43:00 UTC,,,
0F9A781H00P2S2N6WYJV5FMWKZ,25.7,2508531,2023-04-12 08:48:00 UTC,,,
0F9A7AX2P0P6KZGDGWSDH0Z3VY,24.2,2508531,2023-04-12 08:53:00 UTC,,,
0F9A7DRMC0HGR38R9XBHZ5C3KT,25.3,2508531,2023-04-12 08:58:00 UTC,,,
0F9A7GM62067VWR72JFDMCEN5N,22.8,2508531,2023-04-12 09:03:00 UTC,,,
0F9A7KFQR05383PTQD69J372AQ,24.6,2508531,2023-04-12 09:08:00 UTC,,,
0F9A7PB9E09KDWYGYH471PCQM6,26.6,2508531,2023-04-12 09:13:00 UTC,,,
0F9A7S6V400GW1DTYRRDSW9GBS,25.2,2508531,2023-04-12 09:18:00 UTC,,,
0F9A7W2CT08M6XQ1Z395ADGKX1,26.1,2508531,2023-04-12 09:23:00 UTC,,,
0F9A7YXYG06SXPJ036MQ1ZSVXS,26.9,2508531,2023-04-12 09:28:00 UTC,,,
0F9A81SG60CQ8M3H61C3QF1W1X,26.5,2508531,2023-04-12 09:33:00 UTC,,,
0F9A84N1W0SVJV9Y6CXQS35JYM,24.4,2508531,2023-04-12 09:38:00 UTC,,,
0F9A87GKJ06ZZV5QZCSGGHWMVV,24.3,2508531,2023-04-12 09:43:00 UTC,,,
0F9A8AC580HFDXXNTEG3HA78XY,25.0,2508531,2023-04-12 09:48:00 UTC,,,
0F9A8D7PY0QMXZCP84YR2WH1VC,25.2,2508531,2023-04-12 09:53:00 UTC,,,
0F9A8G38M0C2CVPRHKN8J96HG0,24.7,2508531,2023-04-12 09:58:00 UTC,,,
0F9A8JYTA0SRPPJGB2GH7PHGRX,24.2,2508531,2023-04-12 10:03:00 UTC,,,
0F9A8NTC001MP9XA65V2H53ANF,24.4,2508531,2023-04-12 10:08:00 UTC,,,
0F9A8RNXP0QX5QNXJ76W1R2KRZ,25.1,2508531,2023-04-12 10:13:00 UTC,,,
0F9A8VHFC0SWCWGRPYTV8BSJPB,24.1,2508531,2023-04-12 10:18:00 UTC,,,
0F9A8YD120V7DXRPAAGXQXE7XY,27.4,2508531,2023-04-12 10:23:00 UTC,,,
0F9A918JR0VRRXED0RR3NCDWVK,26.9,2508531,2023-04-12 10:28:00 UTC,,,
0F9A9444E0P63CF15208WBJCH4,24.7,2508531,2023-04-12 10:33:00 UTC,,,
0F9A96ZP40TGNXF58JYVEM50N8,24.4,2508531,2023-04-12 10:38:00 UTC,,,
0F9A99V7T0NNAC2TCAGQ7M9PQ8,24.0,2508531,2023-04-12 10:43:00 UTC,,,
0F9A9CPSG0871209M7GA8K4YME,25.7,2508531,2023-04-12 10:48:00 UTC,,,
0F9A9FJB60Q1Q9JS4D9X3Z35EN,24.3,2508531,2023-04-12 10:53:00 UTC,,,
0F9A9JDWW0ZHT2YNC9D2WPE69A,24.6,2508531,2023-04-12 10:58:00 UTC,,,
0F9A9N9EJ0QQF30KDZV0Q7GJCZ,25.3,2508531,2023-04-12 11:03:00 UTC,,,
0F9A9R5080GT7840JKADSPKFZB,25.2,2508531,2023-04-12 11:08:00 UTC,,,
0F9A9V0HY0YBN8RJEQXSTJ9EK0,24.4,2508531,2023-04-12 11:13:00 UTC,,,
0F9A9XW3M0YZX4MMNA1H9AGJXP,26.2,2508531,2023-04-12 11:18:00 UTC,,,
0F9AA0QNA0GWM8JE4FQ46GC0VJ,25.4,2508531,2023-04-12 11:23:00 UTC,,,
0F9AA3K700DBYX5BDH11WYQ0Q5,25.0,2508531,2023-04-12 11:28:00 UTC,,,
0F9AA6ERP00EYR860FNVC26NQ5,25.2,2508531,2023-04-12 11:33:00 UTC,,,
0F9AA9AAC0QNM6JH0HVWAJ2DRD,24.3,2508531,2023-04-12 11:38:00 UTC,,,
0F9AAC5W20S1VBAPQJB4PDP4QB,26.1,2508531,2023-04-12 11:43:00 UTC,,,
0F9AAF1DR0M3X4AZWEHBFQZRD4,24.8,2508531,2023-04-12 11:48:00 UTC,,,
0F9AQDWJE07G3KNZ2Q18MK9JB2,26.4,2508531,2023-04-12 23:53:00 UTC,,,
0F9AQGR4401FR14RHG62NWT58W,25.0,2508531,2023-04-12 23:58:00 UTC,,,
0F9AQKKNT046XE3BDM4QTYQGZK,24.2,2508531,2023-04-13 00:03:00 UTC,,,
0F9AQPF7G0XQQXTFYBQW39WP5Y,25.1,2508531,2023-04-13 00:08:00 UTC,,,
0F9AQSAS60A1X0AANMZCW1J9KF,25.6,2508531,2023-04-13 00:13:00 UTC,,,
0F9AQW6AW0CMFJFGVF7D5J80Z5,25.1,2508531,2023-04-13 00:18:00 UTC,,,
0F9AQZ1WJ0PVYX0RW274TXY017,23.3,2508531,2023-04-13 00:23:00 UTC,,,
0F9AR1XE805V0T8BPVD7VS8NG3,23.7,2508531,2023-04-13 00:28:00 UTC,,,
0F9AR4RZY08G1H06VN94DN8F0X,25.4,2508531,2023-04-13 00:33:00 UTC,,,
0F9AR7MHM0S77R4VZY3T44G5X1,25.6,2508531,2023-04-13 00:38:00 UTC,,,
0F9ARAG3A09NMXRGJNQBMTVV81,26.0,2508531,2023-04-13 00:43:00 UTC,,,
0F9ARDBN00Z336A5NRSMYX7A60,24.7,2508531,2023-04-13 00:48:00 UTC,,,
0F9ARG76P0F73VSMC8BEW3CTAS,24.7,2508531,2023-04-13 00:53:00 UTC,,,
0F9ARK2RC06MQSKHP6DDFRPRAB,25.4,2508531,2023-04-13 00:58:00 UTC,,,
0F9ARNYA203F28GYZ9JE13PS28,25.7,2508531,2023-04-13 01:03:00 UTC,,,
0F9ARRSVR06ZXAKWXKJN0KMDMR,24.5,2508531,2023-04-13 01:08:00 UTC,,,
0F9ARVNDE0HD8D9CQN5SNBBG3G,25.5,2508531,2023-04-13 01:13:00 UTC,,,
0F9ARYGZ404BP54RE12DF64CBH,25.7,2508531,2023-04-13 01:18:00 UTC,,,
0F9AS1CGT0F4TPC8ZR85SREJSB,25.0,2508531,2023-04-13 01:23:00 UTC,,,
0F9AS482G0XGCENKK8A1XSJKPF,23.0,2508531,2023-04-13 01:28:00 UTC,,,
0F9AS73M60JQN0N8W78WC80FX7,24.2,2508531,2023-04-13 01:33:00 UTC,,,
0F9AS9Z5W0DW0MTE1Z1V0ZQYGA,25.5,2508531,2023-04-13 01:38:00 UTC,,,
0F9ASCTQJ0971Z81JJTG4ZTSP9,25.9,2508531,2023-04-13 01:43:00 UTC,,,
0F9ASFP9809C2F9ZNEKW9097PA,24.7,2508531,2023-04-13 01:48:00 UTC,,,
0F9ASJHTY0JXP416XMM4V370C7,25.7,2508531,2023-04-13 01:53:00 UTC,,,
0F9ASNDCM0RDNFJKN22NBGXRAD,24.5,2508531,2023-04-13 01:58:00 UTC,,,
0F9ASR8YA08QTGD2CXQAD5PXGF,26.4,2508531,2023-04-13 02:03:00 UTC,,,
0F9ASV4G00MV3FJ9MEHTBY0FVF,25.5,2508531,2023-04-13 02:08:00 UTC,,,
0F9ASY01P0RT0C2FZ8KY7XHAF5,25.6,2508531,2023-04-13 02:13:00 UTC,,,
0F9AT0VKC00B7XNG3AF36YX07D,23.3,2508531,2023-04-13 02:18:00 UTC,,,
0F9AT3Q52052C23PRB9TEXWS73,24.6,2508531,2023-04-13 02:23:00 UTC,,,
0F9AT6JPR0HSP62YJ0X7KB0Y5A,22.5,2508531,2023-04-13 02:28:00 UTC,,,
0F9AT9E8E0RZ2CRZAQQCFBZ85E,23.8,2508531,2023-04-13 02:33:00 UTC,,,
0F9ATC9T407SE4NFEG58BP71VK,23.8,2508531,2023-04-13 02:38:00 UTC,,,
0F9ATF5BT0Q4KZXTT1KMS8D3Z3,24.7,2508531,2023-04-13 02:43:00 UTC,,,
0F9ATJ0XG0HZ2MWAAS3PHW0WDE,26.7,2508531,2023-04-13 02:48:00 UTC,,,
0F9ATMWF60289DMKZ1G28SX2VP,25.2,2508531,2023-04-13 02:53:00 UTC,,,
0F9ATQR0W0TYN0NBC3BEBTGKYV,24.7,2508531,2023-04-13 02:58:00 UTC,,,
0F9ATTKJJ0ZR80VNSCCT30SB8G,26.0,2508531,2023-04-13 03:03:00 UTC,,,
0F9ATXF480TZHYEHY1K8QXQFES,25.2,2508531,2023-04-13 03:08:00 UTC,,,
0F9AV0ANY0FFEDW2F9TJD906A6,25.1,2508531,2023-04-13 03:13:00 UTC,,,
0F9AV367M0MW3XVAS1FK8ECS9H,24.3,2508531,2023-04-13 03:18:00 UTC,,,
0F9AV61SA08CBWN19PK1N9Y0PH,25.6,2508531,2023-04-13 03:23:00 UTC,,,
0F9AV8XB009RX8323899KGEK9B,24.2,2508531,2023-04-13 03:28:00 UTC,,,
0F9AVBRWP0YR3MHXV8K0YR2YDM,25.5,2508531,2023-04-13 03:33:00 UTC,,,
0F9AVEMEC0Z85D1QV3084HWHJN,25.4,2508531,2023-04-13 03:38:00 UTC,,,
0F9AVHG0204F824Y9ZQS6XBXSD,24.8,2508531,2023-04-13 03:43:00 UTC,,,
0F9AVMBHR0DXBX8XY7HVP46GGP,25.3,2508531,2023-04-13 03:48:00 UTC,,,
0F9AVQ73E02Y28Q59KHEACG7P3,25.3,2508531,2023-04-13 03:53:00 UTC,,,
0F9AVT2N40GBCXZDTZMRV1AAWE,22.5,2508531,2023-04-13 03:58:00 UTC,,,
0F9AVWY6T0BRABV0DRJ4NDZHHH,23.0,2508531,2023-04-13 04:03:00 UTC,,,
0F9AVZSRG02HFKE6ZBHHC1SVT7,25.5,2508531,2023-04-13 04:08:00 UTC,,,
0F9AW2NA60EAFN2FG5P9166P67,25.2,2508531,2023-04-13 04:13:00 UTC,,,
0F9AW5GVW0ZXYRE72KF2T1WXBC,25.7,2508531,2023-04-13 04:18:00 UTC,,,
0F9AW8CDJ05QF3RZKJ5BR3JD5H,24.3,2508531,2023-04-13 04:23:00 UTC,,,
0F9AWB7Z80ADK5HQT2X2YTP7DJ,24.7,2508531,2023-04-13 04:28:00 UTC,,,
0F9AWE3GY0VFAR9VT99J7QC53R,25.2,2508531,2023-04-13 04:33:00 UTC,,,
0F9AWGZ2M0JWM5SCB6N82HG7XD,26.1,2508531,2023-04-13 04:38:00 UTC,,,
0F9AWKTMA07FPPXZ2DXEB84JFD,25.2,2508531,2023-04-13 04:43:00 UTC,,,
0F9AWPP6002AH1VMFR6PKZSSS6,24.6,2508531,2023-04-13 04:48:00 UTC,,,
0F9AWSHQP0BB4S39GRXHHPDV8Y,24.7,2508531,2023-04-13 04:53:00 UTC,,,
0F9AWWD9C0H39EJ3V5QPMSZWDN,24.3,2508531,2023-04-13 04:58:00 UTC,,,
0F9AWZ8V20G6408HY7RHH9ASYJ,25.3,2508531,2023-04-13 05:03:00 UTC,,,
0F9AX24CR0R2D1ZHX37P2Z369J,26.2,2508531,2023-04-13 05:08:00 UTC,,,
0F9AX4ZYE0XN9ZBP86MQE69BF0,24.9,2508531,2023-04-13 05:13:00 UTC,,,
0F9AX7VG40E26K3ZEFY19Z7JM1,27.0,2508531,2023-04-13 05:18:00 UTC,,,
0F9AXAQ1T0SSXQKGB1JZX6TT7A,25.9,2508531,2023-04-13 05:23:00 UTC,,,
0F9AXDJKG0AE043V7W7038PF53,26.0,2508531,2023-04-13 05:28:00 UTC,,,
0F9AXGE560J4T89WQ1KABVP4NF,24.4,2508531,2023-04-13 05:33:00 UTC,,,
0F9AXK9PW0WJW8T9CKMJXJSV58,25.7,2508531,2023-04-13 05:38:00 UTC,,,
0F9AXP58J0HJTTQF0ZFKHYWD39,26.0,2508531,2023-04-13 05:43:00 UTC,,,
0F9AXS0T80339M3S4S4VNY5RVK,26.0,2508531,2023-04-13 05:48:00 UTC,,,
0F9AXVWBY0SBTBBDHC30A5MTM1,26.9,2508531,2023-04-13 05:53:00 UTC,,,
0F9AXYQXM0SY1F2Y3X5NCGNHT6,25.7,2508531,2023-04-13 05:58:00 UTC,,,
0F9AY1KFA053ZQRWDNQ6184JTD,25.7,2508531,2023-04-13 06:03:00 UTC,,,
0F9AY4F1001HD3GCVK1R6J4BYS,24.4,2508531,2023-04-13 06:08:00 UTC,,,
0F9AY7AJP09ZMXG3HNYCW7KKNT,26.3,2508531,2023-04-13 06:13:00 UTC,,,
0F9AYA64C0S697ESN3YNKV7QN1,24.5,2508531,2023-04-13 06:18:00 UTC,,,
0F9AYD1P20NDHDN1GWK9T5GAW2,25.4,2508531,2023-04-13 06:23:00 UTC,,,
0F9AYFX7R0WBR1D00CRKWNHXZR,23.5,2508531,2023-04-13 06:28:00 UTC,,,
0F9AYJRSE0TX4EN0KS0X32PJ3R,24.4,2508531,2023-04-13 06:33:00 UTC,,,
0F9AYNMB404FZRSKSM0NZCER0C,25.2,2508531,2023-04-13 06:38:00 UTC,,,
0F9AYRFWT0BPCCSRY51CQ5S7RX,24.7,2508531,2023-04-13 06:43:00 UTC,,,
0F9AYVBEG07KJQCPDNMRD8SRC9,24.9,2508531,2023-04-13 06:48:00 UTC,,,
0F9AYY7060J42T9GWFBQE8GVYM,24.4,2508531,2023-04-13 06:53:00 UTC,,,
0F9AZ12HW0MQA05CRF97E9WRCP,27.5,2508531,2023-04-13 06:58:00 UTC,,,
0F9AZ3Y3J0M5M3HF30YF9DQJAF,25.4,2508531,2023-04-13 07:03:00 UTC,,,
0F9AZ6SN809RC80RQWWN9JZQBP,25.9,2508531,2023-04-13 07:08:00 UTC,,,
0F9AZ9N6Y0S79TJGFT3KKNEA1H,24.3,2508531,2023-04-13 07:13:00 UTC,,,
0F9AZCGRM0TN8XABNF2D59GY65,24.5,2508531,2023-04-13 07:18:00 UTC,,,
0F9AZFCAA0D7QSTB2VNFPTXRQ6,24.6,2508531,2023-04-13 07:23:00 UTC,,,
0F9AZJ7W00R6XZP874G7NYBAC7,23.9,2508531,2023-04-13 07:28:00 UTC,,,
0F9AZN3DP0DKKM2VX0JCKS2T8R,23.1,2508531,2023-04-13 07:33:00 UTC,,,
0F9AZQYZC08820Z6EE93CRM3KN,25.5,2508531,2023-04-13 07:38:00 UTC,,,
0F9AZTTH20EHTPY9H0RR537AKP,24.5,2508531,2023-04-13 07:43:00 UTC,,,
0F9AZXP2R0NJYA33Z3W2RM5NRB,25.6,2508531,2023-04-13 07:48:00 UTC,,,
0F9B00HME0XCJ3Q6681KRP5KXT,24.5,2508531,2023-04-13 07:53:00 UTC,,,
0F9B03D640G04WPWG3YK2104CX,24.9,2508531,2023-04-13 07:58:00 UTC,,,
0F9B068QT01H8N70N52F907AEJ,23.6,2508531,2023-04-13 08:03:00 UTC,,,
0F9B0949G0EY8TSQJV9V81EY3Q,24.7,2508531,2023-04-13 08:08:00 UTC,,,
0F9B0BZV60KS4CKZRAFYF2P6JF,26.1,2508531,2023-04-13 08:13:00 UTC,,,
0F9B0EVCW0ZWQXP1RTHHC5B8B4,24.5,2508531,2023-04-13 08:18:00 UTC,,,
0F9B0HPYJ0XMFZTKTTNVYNKQNG,25.1,2508531,2023-04-13 08:23:00 UTC,,,
0F9B0MJG807HYMTVTMSC3GF0YK,23.9,2508531,2023-04-13 08:28:00 UTC,,,
0F9B0QE1Y0F9EX6A3BR6AC3PJB,23.2,2508531,2023-04-13 08:33:00 UTC,,,
0F9B0T9KM04RA3BNF6N6AJ3ESK,26.6,2508531,2023-04-13 08:38:00 UTC,,,
0F9B0X55A0Y5VXE5ZE8CXF4NXX,25.7,2508531,2023-04-13 08:43:00 UTC,,,
0F9B100Q00A68T9BBHCJ5SWEQD,23.9,2508531,2023-04-13 08:48:00 UTC,,,
0F9B12W8P0BPSSZCF0DBVH3THN,24.6,2508531,2023-04-13 08:53:00 UTC,,,
0F9B15QTC0V4P7KZE0V7QNT2E1,26.1,2508531,2023-04-13 08:58:00 UTC,,,
0F9B18KC20KY6W2JAKW12G5JNV,25.2,2508531,2023-04-13 09:03:00 UTC,,,
0F9B1BEXR0K6H7NXW306VQAJ91,26.3,2508531,2023-04-13 09:08:00 UTC,,,
0F9B1EAFE0BVVMTSTW8FK7Y1X8,25.4,2508531,2023-04-13 09:13:00 UTC,,,
0F9B1H6140X12TA14JN3FZSHC0,23.3,2508531,2023-04-13 09:18:00 UTC,,,
0F9B1M1JT0FHFD936F8SE9ZWY9,25.5,2508531,2023-04-13 09:23:00 UTC,,,
0F9B1PX4G0P0RZ56Q2GKS4W9KH,24.7,2508531,2023-04-13 09:28:00 UTC,,,
0F9B1SRP60C0XAB5N83QHK9F6M,25.1,2508531,2023-04-13 09:33:00 UTC,,,
0F9B1WM7W0HY3A49B1R3CT3RRG,23.4,2508531,2023-04-13 09:38:00 UTC,,,
0F9B1ZFSJ02HZXJ9DD3VQBZ3N9,26.1,2508531,2023-04-13 09:43:00 UTC,,,
0F9B22BB8074G7KR086K2GCJAC,23.9,2508531,2023-04-13 09:48:00 UTC,,,
0F9B256WY0EGE4EGFM77VMFP0Q,25.1,2508531,2023-04-13 09:53:00 UTC,,,
0F9B282EM0EDP3GPN327PW1ZET,24.7,2508531,2023-04-13 09:58:00 UTC,,,
0F9B2AY0A02AH4SRWJ0MY5X2C5,25.0,2508531,2023-04-13 10:03:00 UTC,,,
0F9B2DSJ005B9W4XJJVJB1B6D0,25.6,2508531,2023-04-13 10:08:00 UTC,,,
0F9B2GN3P0TPRNYSNWTAKW30MF,24.9,2508531,2023-04-13 10:13:00 UTC,,,
0F9B2KGNC07DEJ391J97ETFMA1,27.2,2508531,2023-04-13 10:18:00 UTC,,,
0F9B2PC7205AWTK09YMGM3BJZS,24.6,2508531,2023-04-13 10:23:00 UTC,,,
0F9B2S7RR025WE2ZXBNE5TQ5R6,24.3,2508531,2023-04-13 10:28:00 UTC,,,
0F9B2W3AE03G412PBZYYP6GKJW,24.3,2508531,2023-04-13 10:33:00 UTC,,,
0F9B2YYW40DJZF3HT74V456XBE,23.9,2508531,2023-04-13 10:38:00 UTC,,,
0F9B31TDT09VD1CKYYS9WPA6TH,25.8,2508531,2023-04-13 10:43:00 UTC,,,
0F9B34NZG0GP36EH90EDX2RKPP,25.5,2508531,2023-04-13 10:48:00 UTC,,,
0F9B37HH60V7ARQHP2G618WQ2B,24.6,2508531,2023-04-13 10:53:00 UTC,,,
0F9B3AD2W0G70999NSQQHZ2CD8,24.3,2508531,2023-04-13 10:58:00 UTC,,,
0F9B3D8MJ0WAYGT6KAZCN0QHA7,24.2,2508531,2023-04-13 11:03:00 UTC,,,
0F9B3G46806NX14K5G9YC9X9J1,24.2,2508531,2023-04-13 11:08:00 UTC,,,
0F9B3JZQY03FT13BCR67JDX4SE,24.1,2508531,2023-04-13 11:13:00 UTC,,,
0F9B3NV9M0JMK53TBJCTAM7C7E,25.5,2508531,2023-04-13 11:18:00 UTC,,,
0F9B3RPVA0KHP1EDJYHASKX5DC,25.0,2508531,2023-04-13 11:23:00 UTC,,,
0F9B3VJD00PX2NG32RAJAWQF8N,26.5,2508531,2023-04-13 11:28:00 UTC,,,
0F9B3YDYP0WXXXRQPZ58HN1GYN,25.3,2508531,2023-04-13 11:33:00 UTC,,,
0F9B419GC0D8D0643XE2K535AQ,26.0,2508531,2023-04-13 11:38:00 UTC,,,
0F9B445220ZXF2E0RN0AW561QH,26.7,2508531,2023-04-13 11:43:00 UTC,,,
0F9B470KR0QZ14RWGQA7QVNNZA,25.0,2508531,2023-04-13 11:48:00 UTC,,,
0F9BH5VRE0KHZ882Z9HAZAYMGF,24.8,2508531,2023-04-13 23:53:00 UTC,,,
0F9BH8QA40QH2KW5X4NW80XV28,25.8,2508531,2023-04-13 23:58:00 UTC,,,
0F9BHBJVT0ZZ9WW367VC54M4MJ,26.3,2508531,2023-04-14 00:03:00 UTC,,,
0F9BHEEDG0CC6P4QZG9HMNKMZE,23.5,2508531,2023-04-14 00:08:00 UTC,,,
0F9BHH9Z60JFSEC031001J1MBY,25.7,2508531,2023-04-14 00:13:00 UTC,,,
0F9BHM5GW0QD5946EVEM7SK797,25.8,2508531,2023-04-14 00:18:00 UTC,,,
0F9BHQ12J01Q3AJQ91XHV9N9C8,23.2,2508531,2023-04-14 00:23:00 UTC,,,
0F9BHSWM80FVNYZJW43KRAYH4F,25.5,2508531,2023-04-14 00:28:00 UTC,,,
0F9BHWR5Y0DMMFJ8SKFW15FGY5,24.1,2508531,2023-04-14 00:33:00 UTC,,,
0F9BHZKQM0ZC3KZK2GMP0BF4PN,25.7,2508531,2023-04-14 00:38:00 UTC,,,
0F9BJ2F9A0F6RZ7C0VHRCJ3R0P,24.8,2508531,2023-04-14 00:43:00 UTC,,,
0F9BJ5AV00S2Q0Q8REWP6Z4QHG,22.4,2508531,2023-04-14 00:48:00 UTC,,,
0F9BJ86CP0G9YMETPY7RGW4W4S,25.6,2508531,2023-04-14 00:53:00 UTC,,,
0F9BJB1YC0BJT5G8B7CVGV5RQR,24.1,2508531,2023-04-14 00:58:00 UTC,,,
0F9BJDXG20JPEV9P6YRXDCJM17,26.1,2508531,2023-04-14 01:03:00 UTC,,,
0F9BJGS1R0ATT1MXB7DPY63PC8,26.0,2508531,2023-04-14 01:08:00 UTC,,,
0F9BJKMKE010QA94TWDVRXV1CT,23.2,2508531,2023-04-14 01:13:00 UTC,,,
0F9BJPG540BSHCJPT1JBTJEX4W,25.4,2508531,2023-04-14 01:18:00 UTC,,,
0F9BJSBPT0015NECV2G1MYHD37,25.6,2508531,2023-04-14 01:23:00 UTC,,,
0F9BJW78G07Z3AVJGPA0THDKSK,25.8,2508531,2023-04-14 01:28:00 UTC,,,
0F9BJZ2T60J0SHQRNAA3D3P1E5,25.0,2508531,2023-04-14 01:33:00 UTC,,,
0F9BK1YBW0VD2YMVC3BA1F34A3,24.4,2508531,2023-04-14 01:38:00 UTC,,,
0F9BK4SXJ08F1STXSBZ3E54FX7,25.4,2508531,2023-04-14 01:43:00 UTC,,,
0F9BK7NF801G0E6TTWPK1ZS8ZQ,26.6,2508531,2023-04-14 01:48:00 UTC,,,
0F9BKAH0Y0WZ919YP1MP1W98RB,25.8,2508531,2023-04-14 01:53:00 UTC,,,
0F9BKDCJM08SAT65YAAQCDETCE,22.2,2508531,2023-04-14 01:58:00 UTC,,,
0F9BKG84A07CBQWA4A1EH11H9R,24.1,2508531,2023-04-14 02:03:00 UTC,,,
0F9BKK3P00WVT984FMYN9981A7,24.1,2508531,2023-04-14 02:08:00 UTC,,,
0F9BKNZ7P04S5X7Q72GT5K50WY,25.0,2508531,2023-04-14 02:13:00 UTC,,,
0F9BKRTSC0RP8MGHNMCY94ST8Y,27.3,2508531,2023-04-14 02:18:00 UTC,,,
0F9BKVPB20SDMF3KJV3VY8XFK3,25.8,2508531,2023-04-14 02:23:00 UTC,,,
0F9BKYHWR0V0DDRVHNVMKCK167,24.9,2508531,2023-04-14 02:28:00 UTC,,,
0F9BM1DEE0081087CNSPGYMEBK,23.9,2508531,2023-04-14 02:33:00 UTC,,,
0F9BM49040KB97S0A7NT9N557Z,25.4,2508531,2023-04-14 02:38:00 UTC,,,
0F9BM74HT0D0KB8JR7PD865BP2,24.9,2508531,2023-04-14 02:43:00 UTC,,,
0F9BMA03G0BM2AR2PPDFST392P,26.3,2508531,2023-04-14 02:48:00 UTC,,,
0F9BMCVN60E3ARS2JQ17W3EKJY,24.6,2508531,2023-04-14 02:53:00 UTC,,,
0F9BMFQ6W07N4AHEH5P1TYPJ3V,23.9,2508531,2023-04-14 02:58:00 UTC,,,
0F9BMJJRJ0PE8B4RAV9B3SC4PC,24.4,2508531,2023-04-14 03:03:00 UTC,,,
0F9BMNEA80J98R423TXZGPVRW0,26.4,2508531,2023-04-14 03:08:00 UTC,,,
0F9BMR9VY0RT54WGG4697P5WDH,26.2,2508531,2023-04-14 03:13:00 UTC,,,
0F9BMV5DM087P725G0T4HWT2KJ,23.9,2508531,2023-04-14 03:18:00 UTC,,,
0F9BMY0ZA0YQSSJCQ42TJKDTFA,24.6,2508531,2023-04-14 03:23:00 UTC,,,
0F9BN0WH00BG23A2CWKTD06TFX,24.1,2508531,2023-04-14 03:28:00 UTC,,,
0F9BN3R2P0S9FC1S9FX5R70C5B,24.6,2508531,2023-04-14 03:33:00 UTC,,,
0F9BN6KMC068G51VZ4HE917B6T,24.2,2508531,2023-04-14 03:38:00 UTC,,,
0F9BN9F620WR4YGR7APWJZYGBH,24.4,2508531,2023-04-14 03:43:00 UTC,,,
0F9BNCAQR0K3NA1DHR44EDPCMV,24.6,2508531,2023-04-14 03:48:00 UTC,,,
0F9BNF69E0AWSYZMXQ4Q1T7HRG,22.9,2508531,2023-04-14 03:53:00 UTC,,,
0F9BNJ1V405GY4CFBE61PHKWVT,25.1,2508531,2023-04-14 03:58:00 UTC,,,
0F9BNMXCT0J4ZJHKM4DEQT5NY6,24.7,2508531,2023-04-14 04:03:00 UTC,,,
0F9BNQRYG0ZKBPGDC5FE222VT2,27.3,2508531,2023-04-14 04:08:00 UTC,,,
0F9BNTMG60G11CDVY1NNTSPM50,25.9,2508531,2023-04-14 04:13:00 UTC,,,
0F9BNXG1W0P028N0D9S7H55NV3,26.6,2508531,2023-04-14 04:18:00 UTC,,,
0F9BP0BKJ0M45NWRSAVAFWX7NV,24.7,2508531,2023-04-14 04:23:00 UTC,,,
0F9BP375802JAMJ0C77JCWQ3R8,26.9,2508531,2023-04-14 04:28:00 UTC,,,
0F9BP62PY0RH1FDJAW1VT1RANJ,24.0,2508531,2023-04-14 04:33:00 UTC,,,
0F9BP8Y8M0GGJAQW3JZZG24PSX,25.1,2508531,2023-04-14 04:38:00 UTC,,,
0F9BPBSTA0AY30Z2WFEKQERB3Z,25.6,2508531,2023-04-14 04:43:00 UTC,,,
0F9BPENC00CEDJ3A5MN239W5F4,24.6,2508531,2023-04-14 04:48:00 UTC,,,
0F9BPHGXP0JH5RZH4TABECY270,27.6,2508531,2023-04-14 04:53:00 UTC,,,
0F9BPMCFC059HZEN9J2CZTW8CR,24.2,2508531,2023-04-14 04:58:00 UTC,,,
0F9BPQ81200DG8TBFQ0395FMH7,25.8,2508531,2023-04-14 05:03:00 UTC,,,
0F9BPT3JR0KQJ28P14726SXFS1,25.3,2508531,2023-04-14 05:08:00 UTC,,,
0F9BPWZ4E01815CAKV2S95HYMQ,24.3,2508531,2023-04-14 05:13:00 UTC,,,
0F9BPZTP40PDXPS6FYTPYD1J68,25.8,2508531,2023-04-14 05:18:00 UTC,,,
0F9BQ2P7T006J83FVQKQX212FJ,23.3,2508531,2023-04-14 05:23:00 UTC,,,
0F9BQ5HSG0WHRDRPJ7NPV580DT,25.1,2508531,2023-04-14 05:28:00 UTC,,,
0F9BQ8DB60Y1PMFB5N2SF943AM,26.8,2508531,2023-04-14 05:33:00 UTC,,,
0F9BQB8WW0J8JGQH6RNAGS82ZJ,24.5,2508531,2023-04-14 05:38:00 UTC,,,
0F9BQE4EJ04MHKZWAVY7HYTNEV,25.2,2508531,2023-04-14 05:43:00 UTC,,,
0F9BQH0080PHABBW5GQ6B1EBRT,23.6,2508531,2023-04-14 05:48:00 UTC,,,
0F9BQKVHY0KVJR7FBXG29E1RWQ,25.2,2508531,2023-04-14 05:53:00 UTC,,,
0F9BQPQ3M050024GM4HSGEGFP5,24.9,2508531,2023-04-14 05:58:00 UTC,,,
0F9BQSJNA0R52RC8NXRM5H42C2,25.2,2508531,2023-04-14 06:03:00 UTC,,,
0F9BQWE700NK5E3CY4F8V8J2H4,24.6,2508531,2023-04-14 06:08:00 UTC,,,
0F9BQZ9RP03ATW3893J4XB0QZJ,24.1,2508531,2023-04-14 06:13:00 UTC,,,
0F9BR25AC0FR46MZDJD5KMXPG7,24.0,2508531,2023-04-14 06:18:00 UTC,,,
0F9BR50W209ZR447PFQ9DY0DCM,23.1,2508531,2023-04-14 06:23:00 UTC,,,
0F9BR7WDR05FC3HSDP51HPB751,24.1,2508531,2023-04-14 06:28:00 UTC,,,
0F9BRAQZE0CS1TCNNHNA9377QP,23.1,2508531,2023-04-14 06:33:00 UTC,,,
0F9BRDKH400QXSKK43JGBWZYCA,26.8,2508531,2023-04-14 06:38:00 UTC,,,
0F9BRGF2T0XSH6Q74JREZVJPDA,26.8,2508531,2023-04-14 06:43:00 UTC,,,
0F9BRKAMG0BP4KS7R20XM5QJY0,24.7,2508531,2023-04-14 06:48:00 UTC,,,
0F9BRP6660RADS30J3CX7SQ6Z1,26.0,2508531,2023-04-14 06:53:00 UTC,,,
0F9BRS1QW0YY7B2J5DD9NDMQGR,23.3,2508531,2023-04-14 06:58:00 UTC,,,
0F9BRVX9J0EGD7R56X54XM6JSP,24.5,2508531,2023-04-14 07:03:00 UTC,,,
0F9BRYRV803GY6YDPNGN61TDNJ,25.3,2508531,2023-04-14 07:08:00 UTC,,,
0F9BS1MCY0H7Q810K20MFHSP75,25.7,2508531,2023-04-14 07:13:00 UTC,,,
0F9BS4FYM02XQQG9RJ639ZR7BD,25.0,2508531,2023-04-14 07:18:00 UTC,,,
0F9BS7BGA0M5XZXKHMRVFEXP41,24.5,2508531,2023-04-14 07:23:00 UTC,,,
0F9BSA7200TM6C0GQDSHPE0SWT,25.8,2508531,2023-04-14 07:28:00 UTC,,,
0F9BSD2KP0MXV6A0QH8484ERRT,25.4,2508531,2023-04-14 07:33:00 UTC,,,
0F9BSFY5C07NJGKPDPF4V2GKMJ,24.9,2508531,2023-04-14 07:38:00 UTC,,,
0F9BSJSQ20KMYYF8ZV9JHKKNQ2,26.1,2508531,2023-04-14 07:43:00 UTC,,,
0F9BSNN8R0CRPZDGFQ7MMR9T9K,25.0,2508531,2023-04-14 07:48:00 UTC,,,
0F9BSRGTE03RQ4EWK54CNKS6F2,24.7,2508531,2023-04-14 07:53:00 UTC,,,
0F9BSVCC40JN3ME62AM94R8RFW,23.6,2508531,2023-04-14 07:58:00 UTC,,,
0F9BSY7XT0GSJWG25BDJ87AV4C,23.2,2508531,2023-04-14 08:03:00 UTC,,,
0F9BT13FG04Q9WEQZQSPHS1YG7,25.6,2508531,2023-04-14 08:08:00 UTC,,,
0F9BT3Z1607KD74VCY2NTA6RKJ,23.9,2508531,2023-04-14 08:13:00 UTC,,,
0F9BT6TJW0SM80Y0MTFZ6S26PJ,25.2,2508531,2023-04-14 08:18:00 UTC,,,
0F9BT9P4J08W9Z8REMZ3WZ54VJ,25.0,2508531,2023-04-14 08:23:00 UTC,,,
0F9BTCHP80PXV0GHSB2BSD4HGP,23.1,2508531,2023-04-14 08:28:00 UTC,,,
0F9BTFD7Y0SW5ZJN1Y6Y8SHB28,24.1,2508531,2023-04-14 08:33:00 UTC,,,
0F9BTJ8SM0EBGP70P170GRVM17,23.5,2508531,2023-04-14 08:38:00 UTC,,,
0F9BTN4BA0P8ERM2MB50W8AT4D,24.7,2508531,2023-04-14 08:43:00 UTC,,,
0F9BTQZX004HCSPRFGKC65QFWE,23.0,2508531,2023-04-14 08:48:00 UTC,,,
0F9BTTVEP0ZC3ARYV26G13WYDG,26.9,2508531,2023-04-14 08:53:00 UTC,,,
0F9BTXQ0C0TZPCT9NJVJ7R4P3S,23.8,2508531,2023-04-14 08:58:00 UTC,,,
0F9BV0JJ206GCYVFZ7W0Z45AHT,24.2,2508531,2023-04-14 09:03:00 UTC,,,
0F9BV3E3R0TRBBWSCDAZY0H3MD,24.0,2508531,2023-04-14 09:08:00 UTC,,,
0F9BV69NE0E7TS5R0BNCD2QTQF,24.7,2508531,2023-04-14 09:13:00 UTC,,,
0F9BV95740XRYYG3P0N4QEX3GV,23.4,2508531,2023-04-14 09:18:00 UTC,,,
0F9BVC0RT0JRRMBWDCQ46Z8073,24.2,2508531,2023-04-14 09:23:00 UTC,,,
0F9BVEWAG0SWDEN8T2VP628VMY,23.9,2508531,2023-04-14 09:28:00 UTC,,,
0F9BVHQW60CK9YM6PBKVN8DYTC,24.9,2508531,2023-04-14 09:33:00 UTC,,,
0F9BVMKDW0VQYZP1YE22S2CXFJ,26.7,2508531,2023-04-14 09:38:00 UTC,,,
0F9BVQEZJ0WHXJEGKD7NFNGPBZ,25.9,2508531,2023-04-14 09:43:00 UTC,,,
0F9BVTAH80DKMSWJET9123NRCQ,24.1,2508531,2023-04-14 09:48:00 UTC,,,
0F9BVX62Y02TEWYFZFD1NCJXZY,24.8,2508531,2023-04-14 09:53:00 UTC,,,
0F9BW01MM0G3KP5XSCD00ZB3YC,24.5,2508531,2023-04-14 09:58:00 UTC,,,
0F9BW2X6A0Z99BTKDK23QQF73X,24.2,2508531,2023-04-14 10:03:00 UTC,,,
0F9BW5RR00SFR9GZ2S8ZG3S5DT,24.8,2508531,2023-04-14 10:08:00 UTC,,,
0F9BW8M9P0JEZ514BWKJ2MK4G4,25.5,2508531,2023-04-14 10:13:00 UTC,,,
0F9BWBFVC0ZQQG4NG5CM8QJMZZ,23.6,2508531,2023-04-14 10:18:00 UTC,,,
0F9BWEBD20ZPNW7K6X24GNG49Y,26.1,2508531,2023-04-14 10:23:00 UTC,,,
0F9BWH6YR0CVK9SJ36W9PAKRJ7,24.2,2508531,2023-04-14 10:28:00 UTC,,,
0F9BWM2GE0D0CBV8KJ6QTTSJXE,26.7,2508531,2023-04-14 10:33:00 UTC,,,
0F9BWPY240FN6Z0PHWT03B0X2X,26.5,2508531,2023-04-14 10:38:00 UTC,,,
0F9BWSSKT0DC6KH9K0R7NKSDGZ,24.8,2508531,2023-04-14 10:43:00 UTC,,,
0F9BWWN5G01XFAAA4WTZVADQX8,25.0,2508531,2023-04-14 10:48:00 UTC,,,
0F9BWZGQ6095MJPSYDA3C3K6HF,24.5,2508531,2023-04-14 10:53:00 UTC,,,
0F9BX2C8W01BB0MBC1ZH8FRTWZ,23.6,2508531,2023-04-14 10:58:00 UTC,,,
0F9BX57TJ0JZEEDN8QFH3GP9K7,27.5,2508531,2023-04-14 11:03:00 UTC,,,
0F9BX83C804EE1F62QX4D5RGKJ,24.4,2508531,2023-04-14 11:08:00 UTC,,,
0F9BXAYXY0EZTSDGAARGZ2B9JE,25.8,2508531,2023-04-14 11:13:00 UTC,,,
0F9BXDTFM0H7KDS6VCC5REM7D4,25.4,2508531,2023-04-14 11:18:00 UTC,,,
0F9BXGP1A0RC58B929JDBJNM8R,24.8,2508531,2023-04-14 11:23:00 UTC,,,
0F9BXKHK00XBJ64S186DHZFTKJ,25.4,2508531,2023-04-14 11:28:00 UTC,,,
0F9BXPD4P0SRVA4SMRT9M6JA6C,25.1,2508531,2023-04-14 11:33:00 UTC,,,
0F9BXS8PC0WW16V39NCFJ8YEXK,26.6,2508531,2023-04-14 11:38:00 UTC,,,
0F9BXW4820B8R662BVZY54JYYQ,26.0,2508531,2023-04-14 11:43:00 UTC,,,
0F9BXYZSR0NPKGGF1R47F6XRBY,24.7,2508531,2023-04-14 11:48:00 UTC,,,
0F9CAXTYE0MF7VKNCAKP548YVY,25.5,2508531,2023-04-14 23:53:00 UTC,,,
0F9CB0PG40TMBY4ENAH0VFEK2C,26.9,2508531,2023-04-14 23:58:00 UTC,,,
0F9CB3J1T0REF7GKSJKCKPYD6M,25.0,2508531,2023-04-15 00:03:00 UTC,,,
0F9CB6DKG09ZWYZ6XQ9ME69HHB,26.8,2508531,2023-04-15 00:08:00 UTC,,,
0F9CB99560JS6QYYWGQ9TEZFGQ,24.0,2508531,2023-04-15 00:13:00 UTC,,,
0F9CBC4PW0RRX1F3JZRSVRCC3J,25.0,2508531,2023-04-15 00:18:00 UTC,,,
0F9CBF08J00133BFMRQ5CC5PYH,22.9,2508531,2023-04-15 00:23:00 UTC,,,
0F9CBHVT806HS2PR4WCWNWPDN3,24.9,2508531,2023-04-15 00:28:00 UTC,,,
0F9CBMQBY0EH3ZXR0JJ4C0DWJQ,24.7,2508531,2023-04-15 00:33:00 UTC,,,
0F9CBQJXM0MQ7TJNYPPHHE54MZ,24.2,2508531,2023-04-15 00:38:00 UTC,,,
0F9CBTEFA0P5PYVS5QX4RZBGT4,26.3,2508531,2023-04-15 00:43:00 UTC,,,
0F9CBXA100W9MPHY0RQQ0ET525,25.0,2508531,2023-04-15 00:48:00 UTC,,,
0F9CC05JP07HR3QYM41D2XBRC8,26.4,2508531,2023-04-15 00:53:00 UTC,,,
0F9CC314C0GTTZTKFP01Q8FCW7,25.4,2508531,2023-04-15 00:58:00 UTC,,,
0F9CC5WP20MKK0V00ZDS6A9DY8,24.1,2508531,2023-04-15 01:03:00 UTC,,,
0F9CC8R7R00ANQ63YRM897QK90,25.3,2508531,2023-04-15 01:08:00 UTC,,,
0F9CCBKSE0DGS1J3DXCT42D3PN,23.2,2508531,2023-04-15 01:13:00 UTC,,,
0F9CCEFB40FJH745B3MY70TW13,25.1,2508531,2023-04-15 01:18:00 UTC,,,
0F9CCHAWT0WDSMDA5CAAFEGE95,24.5,2508531,2023-04-15 01:23:00 UTC,,,
0F9CCM6EG09781PQ23HM3Y4H9D,24.3,2508531,2023-04-15 01:28:00 UTC,,,
0F9CCQ2060E6Z8SAY0268YGHHG,25.6,2508531,2023-04-15 01:33:00 UTC,,,
0F9CCSXHW0D92VJRM8SK4A0AEG,25.4,2508531,2023-04-15 01:38:00 UTC,,,
0F9CCWS3J0Q24053M32VB8HTN4,26.0,2508531,2023-04-15 01:43:00 UTC,,,
0F9CCZMN803GS4APXEYFJ4RJVY,23.6,2508531,2023-04-15 01:48:00 UTC,,,
0F9CD2G6Y0QF53DQB5CTQAG6C4,26.3,2508531,2023-04-15 01:53:00 UTC,,,
0F9CD5BRM0X5ZJH7F8WHD2SD94,25.6,2508531,2023-04-15 01:58:00 UTC,,,
0F9CD87AA0PMBCXM5PSD4NVKZ7,24.4,2508531,2023-04-15 02:03:00 UTC,,,
0F9CDB2W00E5B2Y8316EAECYSY,25.9,2508531,2023-04-15 02:08:00 UTC,,,
0F9CDDYDP0WKHNKYGC60RZ4ZE0,25.7,2508531,2023-04-15 02:13:00 UTC,,,
0F9CDGSZC03B4WX8KEX14YDWHD,24.7,2508531,2023-04-15 02:18:00 UTC,,,
0F9CDKNH20WPMGJSCAXHQTT0BR,26.0,2508531,2023-04-15 02:23:00 UTC,,,
0F9CDPH2R032N2HPVNSKMABXRR,25.1,2508531,2023-04-15 02:28:00 UTC,,,
0F9CDSCME022A8K9KCNHP4NJQD,23.8,2508531,2023-04-15 02:33:00 UTC,,,
0F9CDW86404BM3NHWG860956T3,26.2,2508531,2023-04-15 02:38:00 UTC,,,
0F9CDZ3QT0F6EHA8D10DSAQFXS,24.9,2508531,2023-04-15 02:43:00 UTC,,,
0F9CE1Z9G0BC58Q51PWPC6PZBQ,24.2,2508531,2023-04-15 02:48:00 UTC,,,
0F9CE4TV604XA8TXDCWKYDWV70,26.5,2508531,2023-04-15 02:53:00 UTC,,,
0F9CE7PCW0MBC9PM1S35CKTV9H,25.1,2508531,2023-04-15 02:58:00 UTC,,,
0F9CEAHYJ09CY167H9J8DKM2VT,26.6,2508531,2023-04-15 03:03:00 UTC,,,
0F9CEDDG80Z0KG4QG1BFAED2QC,25.2,2508531,2023-04-15 03:08:00 UTC,,,
0F9CEG91Y059PCB0JCGYY4JC04,23.4,2508531,2023-04-15 03:13:00 UTC,,,
0F9CEK4KM06DZVZE4KWSPCSZ0P,22.9,2508531,2023-04-15 03:18:00 UTC,,,
0F9CEP05A0805HA6YG3T7G2VMJ,24.5,2508531,2023-04-15 03:23:00 UTC,,,
0F9CERVQ00NARG13X47C8S4YSH,26.4,2508531,2023-04-15 03:28:00 UTC,,,
0F9CEVQ8P0K4HHWGNQ8H5GFJEZ,24.4,2508531,2023-04-15 03:33:00 UTC,,,
0F9CEYJTC08Y4M75MB8CEMMMNT,25.5,2508531,2023-04-15 03:38:00 UTC,,,
0F9CF1EC20G937Z4MBJM1603MN,25.9,2508531,2023-04-15 03:43:00 UTC,,,
0F9CF49XR0S52JA257PRHB84GG,25.2,2508531,2023-04-15 03:48:00 UTC,,,
0F9CF75FE004H5H45JPPFWE3B9,24.3,2508531,2023-04-15 03:53:00 UTC,,,
0F9CFA1140T70RH7N0R78PHZSH,24.2,2508531,2023-04-15 03:58:00 UTC,,,
0F9CFCWJT01E3R1F9DYEVGDCC5,24.9,2508531,2023-04-15 04:03:00 UTC,,,
0F9CFFR4G0A0F4SW21HTPQK0G6,25.9,2508531,2023-04-15 04:08:00 UTC,,,
0F9CFJKP60EHPECBFEAASK2TGV,25.5,2508531,2023-04-15 04:13:00 UTC,,,
0F9CFNF7W0VMA4ZRDJRGM6XSWA,25.6,2508531,2023-04-15 04:18:00 UTC,,,
0F9CFRASJ0DD2S0CZZWM653CMH,25.3,2508531,2023-04-15 04:23:00 UTC,,,
0F9CFV6B8083QHGCMCEZY0N5AS,23.9,2508531,2023-04-15 04:28:00 UTC,,,
0F9CFY1WY0V4A88ZY9362EQBC5,22.6,2508531,2023-04-15 04:33:00 UTC,,,
0F9CG0XEM0TSXVPRH0E7C0PPHP,25.1,2508531,2023-04-15 04:38:00 UTC,,,
0F9CG3S0A006RRTZTY6YPH9VX5,24.9,2508531,2023-04-15 04:43:00 UTC,,,
0F9CG6MJ00C9CPXKTPETW1XHWC,25.9,2508531,2023-04-15 04:48:00 UTC,,,
0F9CG9G3P0KJ9RT1FKQNPFNZED,24.3,2508531,2023-04-15 04:53:00 UTC,,,
0F9CGCBNC0NH2AZ33EQY1MQTTB,26.1,2508531,2023-04-15 04:58:00 UTC,,,
0F9CGF77205MQN9R84FDBHRYTM,25.4,2508531,2023-04-15 05:03:00 UTC,,,
0F9CGJ2RR0EGJZA77C06M0CENE,25.3,2508531,2023-04-15 05:08:00 UTC,,,
0F9CGMYAE0BDZ6F3HQHQAS45NW,25.2,2508531,2023-04-15 05:13:00 UTC,,,
0F9CGQSW402C87CMBWNDRY6Q83,24.0,2508531,2023-04-15 05:18:00 UTC,,,
0F9CGTNDT0WQCPDJ73KVMGRY43,24.8,2508531,2023-04-15 05:23:00 UTC,,,
0F9CGXGZG05BQS18WTSZ48XTQ9,22.5,2508531,2023-04-15 05:28:00 UTC,,,
0F9CH0CH608TD0AW2B13F9A15P,25.5,2508531,2023-04-15 05:33:00 UTC,,,
0F9CH382W0MPWFMCDPYJAAPE43,26.7,2508531,2023-04-15 05:38:00 UTC,,,
0F9CH63MJ0GC9WD2E6PEW36NKD,22.4,2508531,2023-04-15 05:43:00 UTC,,,
0F9CH8Z68014X8K7951CRSY993,24.6,2508531,2023-04-15 05:48:00 UTC,,,
0F9CHBTQY03JPMVXMFEVQ83CXW,24.3,2508531,2023-04-15 05:53:00 UTC,,,
0F9CHEP9M08ZPSFD6AE1219CQA,24.7,2508531,2023-04-15 05:58:00 UTC,,,
0F9CHHHVA0ZQXQ34BET9WHG2EH,23.5,2508531,2023-04-15 06:03:00 UTC,,,
0F9CHMDD009KGT06RFJM3860YK,24.8,2508531,2023-04-15 06:08:00 UTC,,,
0F9CHQ8YP017QCJPFZSQZYWJRW,26.3,2508531,2023-04-15 06:13:00 UTC,,,
0F9CHT4GC09RBWV5SMCSMXYVBH,23.9,2508531,2023-04-15 06:18:00 UTC,,,
0F9CHX02206G0MZBZ4KSPA6V44,25.2,2508531,2023-04-15 06:23:00 UTC,,,
0F9CHZVKR0JJ763262K5ZRWJ4X,24.4,2508531,2023-04-15 06:28:00 UTC,,,
0F9CJ2Q5E0YJTYWB4X3JYDEAJR,25.8,2508531,2023-04-15 06:33:00 UTC,,,
0F9CJ5JQ40F9T1DWQSD24WHAQF,25.7,2508531,2023-04-15 06:38:00 UTC,,,
0F9CJ8E8T00ABW03WWG38B9MVX,24.3,2508531,2023-04-15 06:43:00 UTC,,,
0F9CJB9TG07CHS0E3B6C3VGVH1,24.8,2508531,2023-04-15 06:48:00 UTC,,,
0F9CJE5C602662ZZVQBD8Q44PC,25.3,2508531,2023-04-15 06:53:00 UTC,,,
0F9CJH0XW0CX25JQWXG00G7TKB,24.4,2508531,2023-04-15 06:58:00 UTC,,,
0F9CJKWFJ00PQPEAP07S1PYPVK,25.7,2508531,2023-04-15 07:03:00 UTC,,,
0F9CJPR180N5X00KAV8D0JN5G4,24.9,2508531,2023-04-15 07:08:00 UTC,,,
0F9CJSKJY0E6AFEJ8FQCZ03R5M,24.5,2508531,2023-04-15 07:13:00 UTC,,,
0F9CJWF4M0NR60VR2RGMJZ0PHQ,25.6,2508531,2023-04-15 07:18:00 UTC,,,
0F9CJZAPA0DNF45DX2DM8R9NM7,26.3,2508531,2023-04-15 07:23:00 UTC,,,
0F9CK26800SQMJZZBDTMZ7VFVK,25.4,2508531,2023-04-15 07:28:00 UTC,,,
0F9CK51SP0YZP4K634D6AM8QTQ,25.6,2508531,2023-04-15 07:33:00 UTC,,,
0F9CK7XBC0WGN9E6Y8086EKG3X,25.5,2508531,2023-04-15 07:38:00 UTC,,,
0F9CKARX20R9287MXT0T5FEGHR,24.6,2508531,2023-04-15 07:43:00 UTC,,,
0F9CKDMER03VHY26RGSSAH89RZ,26.7,2508531,2023-04-15 07:48:00 UTC,,,
0F9CKGG0E0KSHAJG18564JGYDC,24.8,2508531,2023-04-15 07:53:00 UTC,,,
0F9CKKBJ40JXW3YH0RQT7Y7H0J,25.5,2508531,2023-04-15 07:58:00 UTC,,,
0F9CKP73T02FSAEBNN09ZXN8QS,25.0,2508531,2023-04-15 08:03:00 UTC,,,
0F9CKS2NG09VPRXR63T4P5TB1K,23.9,2508531,2023-04-15 08:08:00 UTC,,,
0F9CKVY760SA2JCH42GYZDSP2Z,23.7,2508531,2023-04-15 08:13:00 UTC,,,
0F9CKYSRW0JBD30GDECF2S1QPP,24.3,2508531,2023-04-15 08:18:00 UTC,,,
0F9CM1NAJ0H7AQCHHKRNQGEBRY,25.7,2508531,2023-04-15 08:23:00 UTC,,,
0F9CM4GW80G20S3EZSJG9VE6VK,24.1,2508531,2023-04-15 08:28:00 UTC,,,
0F9CM7CDY0D7KNS0Z3JA892FKH,23.6,2508531,2023-04-15 08:33:00 UTC,,,
0F9CMA7ZM07K9MKGQXDF4XRBP5,25.0,2508531,2023-04-15 08:38:00 UTC,,,
0F9CMD3HA04XV4KQ5FZ6PWE48R,24.8,2508531,2023-04-15 08:43:00 UTC,,,
0F9CMFZ300CE54Y38TZQMKSDER,25.1,2508531,2023-04-15 08:48:00 UTC,,,
0F9CMJTMP0YHYTJVAE6V90V6KH,24.1,2508531,2023-04-15 08:53:00 UTC,,,
0F9CMNP6C06671D9ZT2X4HRR6N,25.2,2508531,2023-04-15 08:58:00 UTC,,,
0F9CMRHR20AXVDXDDJ9VR6WFWJ,27.6,2508531,2023-04-15 09:03:00 UTC,,,
0F9CMVD9R0J33EMZRVF61Q7RFC,25.5,2508531,2023-04-15 09:08:00 UTC,,,
0F9CMY8VE0NHYYVNY5MPBDDG7P,26.1,2508531,2023-04-15 09:13:00 UTC,,,
0F9CN14D409FJZ42CZSW3PQYZ0,25.3,2508531,2023-04-15 09:18:00 UTC,,,
0F9CN3ZYT0YGGECHCCBKYR0FFD,24.9,2508531,2023-04-15 09:23:00 UTC,,,
0F9CN6VGG0TRS8E1WFEH6G20Z3,26.5,2508531,2023-04-15 09:28:00 UTC,,,
0F9CN9Q260RASAXWY0MCZE3RYB,26.4,2508531,2023-04-15 09:33:00 UTC,,,
0F9CNCJKW0DKNHH6PKH5QA7F0H,24.6,2508531,2023-04-15 09:38:00 UTC,,,
0F9CNFE5J0H12WRA9X2JJA1798,26.2,2508531,2023-04-15 09:43:00 UTC,,,
0F9CNJ9Q80G1KSTCVYN0WBXBD3,24.2,2508531,2023-04-15 09:48:00 UTC,,,
0F9CNN58Y0E98W0XCJS8TZRBKW,24.5,2508531,2023-04-15 09:53:00 UTC,,,
0F9CNR0TM0ECWHR5QTXA82G5EV,24.3,2508531,2023-04-15 09:58:00 UTC,,,
0F9CNTWCA0RMKR0SK5KB98B87C,24.3,2508531,2023-04-15 10:03:00 UTC,,,
0F9CNXQY00RSNT4S2VBNGNVNKH,26.2,2508531,2023-04-15 10:08:00 UTC,,,
0F9CP0KFP0HGK4V4DF7S273AE6,24.7,2508531,2023-04-15 10:13:00 UTC,,,
0F9CP3F1C0JCH0TARFZ32NEN4X,25.3,2508531,2023-04-15 10:18:00 UTC,,,
0F9CP6AK20NJZNBGB96FKCET65,26.5,2508531,2023-04-15 10:23:00 UTC,,,
0F9CP964R00WSBAWHVRSW9WDB8,24.9,2508531,2023-04-15 10:28:00 UTC,,,
0F9CPC1PE0ACGV7KFGC3QXEZVA,25.7,2508531,2023-04-15 10:33:00 UTC,,,
0F9CPEX840TQ5DHNP79A5JAHRZ,25.8,2508531,2023-04-15 10:38:00 UTC,,,
0F9CPHRST0APATSCYKBJ4NTY2Y,24.9,2508531,2023-04-15 10:43:00 UTC,,,
0F9CPMMBG0P1Z7DPYRC9TFY8SH,24.0,2508531,2023-04-15 10:48:00 UTC,,,
0F9CPQFX60XAVTWPJ2NBPEKRHG,23.1,2508531,2023-04-15 10:53:00 UTC,,,
0F9CPTBEW08NSPNTCY92H7JFE8,25.3,2508531,2023-04-15 10:58:00 UTC,,,
0F9CPX70J09K4RNYXVMJKXFAKC,25.4,2508531,2023-04-15 11:03:00 UTC,,,
0F9CQ02J80GTS5N83TFC19D326,25.5,2508531,2023-04-15 11:08:00 UTC,,,
0F9CQ2Y3Y07PWX3QPQZZJBR5DY,25.2,2508531,2023-04-15 11:13:00 UTC,,,
0F9CQ5SNM0R9YS9QAVN94VF8JY,24.4,2508531,2023-04-15 11:18:00 UTC,,,
0F9CQ8N7A01FPPMWRNM4BVSB0G,22.7,2508531,2023-04-15 11:23:00 UTC,,,
0F9CQBGS00EQHNV5HXQN7BX5VB,25.2,2508531,2023-04-15 11:28:00 UTC,,,
0F9CQECAP0FAQVRMNATVEQ59CA,25.5,2508531,2023-04-15 11:33:00 UTC,,,
0F9CQH7WC0F6VCVEFSEAKBX0HX,24.9,2508531,2023-04-15 11:38:00 UTC,,,
0F9CQM3E20MZAX6QBF3YXQPQSA,24.6,2508531,2023-04-15 11:43:00 UTC,,,
0F9CQPYZR0HS5FN3YWQCAQVMSR,26.0,2508531,2023-04-15 11:48:00 UTC,,,
0F9D4NT4E00DA55XRK7V9644BK,25.2,2508531,2023-04-15 23:53:00 UTC,,,
0F9D4NT4E0D2XTHE9P45MAKDM6,60.8,2508531,2023-04-15 23:53:00 UTC,,,
0F9D4RNP401DSVJDZSHHB3Q8CC,23.4,2508531,2023-04-15 23:58:00 UTC,,,
0F9D4RNP403KYP9NS67KGRZY24,60.9,2508531,2023-04-15 23:58:00 UTC,,,
0F9D4VH7T0841NY3SJ54KW64P3,25.4,2508531,2023-04-16 00:03:00 UTC,,,
0F9D4VH7T0TS69GA6JCG27V272,59.0,2508531,2023-04-16 00:03:00 UTC,,,
0F9D4YCSG05BDZZ3B8N7A0DR99,24.8,2508531,2023-04-16 00:08:00 UTC,,,
0F9D4YCSG09HSXXFR1M82Z89ZW,58.8,2508531,2023-04-16 00:08:00 UTC,,,
0F9D518B60A3P0TEG7YJSDA152,59.0,2508531,2023-04-16 00:13:00 UTC,,,
0F9D518B60BPXKTXEF6TC3NS2J,25.3,2508531,2023-04-16 00:13:00 UTC,,,
0F9D543WW06QPZF1E39TKT6RFA,24.0,2508531,2023-04-16 00:18:00 UTC,,,
0F9D56ZEJ0PAMSH175VTEGHT6A,26.2,2508531,2023-04-16 00:23:00 UTC,,,
0F9D59V080E59CGDTGNFCEAW7A,24.6,2508531,2023-04-16 00:28:00 UTC,,,
0F9D5CPHY0E54QJ6N8YZA0VTED,23.3,2508531,2023-04-16 00:33:00 UTC,,,
0F9D5FJ3M0SQQW4XSXK999BH8M,26.1,2508531,2023-04-16 00:38:00 UTC,,,
0F9D5JDNA05QK80FG3Y4Z32Z9M,24.1,2508531,2023-04-16 00:43:00 UTC,,,
0F9D5N97005MZMTE5QEB9NWN9Y,24.0,2508531,2023-04-16 00:48:00 UTC,,,
0F9D5R4RP008G8Y4TFGK6J06FY,25.1,2508531,2023-04-16 00:53:00 UTC,,,
0F9D5V0AC0TF2MCMGZFQWPWJ0K,22.8,2508531,2023-04-16 00:58:00 UTC,,,
0F9D5XVW2038QXC84RCCZXS1ED,23.1,2508531,2023-04-16 01:03:00 UTC,,,
0F9D60QDR0QNCV4BWBCB21893Y,24.3,2508531,2023-04-16 01:08:00 UTC,,,
0F9D63JZE0Y7YWD4W0N1QAJ9AW,25.0,2508531,2023-04-16 01:13:00 UTC,,,
0F9D66EH4090ZAD44YK3N4NCXT,24.8,2508531,2023-04-16 01:18:00 UTC,,,
0F9D69A2T0HR91JJJQ5TFF9BED,25.5,2508531,2023-04-16 01:23:00 UTC,,,
0F9D6C5MG0000VFG1W34ZBCWYN,23.4,2508531,2023-04-16 01:28:00 UTC,,,
0F9D6F1660182GEJ252EYX9XD9,25.0,2508531,2023-04-16 01:33:00 UTC,,,
0F9D6HWQW0JQSJR1ZFYVSHNRD3,25.2,2508531,2023-04-16 01:38:00 UTC,,,
0F9D6MR9J02GWS89BDHS242H4S,25.3,2508531,2023-04-16 01:43:00 UTC,,,
0F9D6QKV80EESF6TYA8GGVJFJA,24.6,2508531,2023-04-16 01:48:00 UTC,,,
0F9D6TFCY0Y57HJ7EFKXSBAJE1,25.2,2508531,2023-04-16 01:53:00 UTC,,,
0F9D6XAYM0P82170444PWKAVV7,25.5,2508531,2023-04-16 01:58:00 UTC,,,
0F9D706GA01PGHVG5RA0F1DB66,24.4,2508531,2023-04-16 02:03:00 UTC,,,
0F9D7322001KDVGA22H1XF9E0J,24.4,2508531,2023-04-16 02:08:00 UTC,,,
0F9D75XKP0RMCC9ERN2ST7BPBK,23.2,2508531,2023-04-16 02:13:00 UTC,,,
0F9D78S5C0P0FAK4NYXGFG5R9N,25.7,2508531,2023-04-16 02:18:00 UTC,,,
0F9D7BMQ20DZSZKN7V65M1X8YT,24.4,2508531,2023-04-16 02:23:00 UTC,,,
0F9D7EG8R020WZXXKQY1718YED,24.5,2508531,2023-04-16 02:28:00 UTC,,,
0F9D7HBTE041TRFHH4C0D7X2VY,24.1,2508531,2023-04-16 02:33:00 UTC,,,
0F9D7M7C40RXPHBNHAK540RYFS,25.1,2508531,2023-04-16 02:38:00 UTC,,,
0F9D7Q2XT0XKQ99T5DAF6VTH7V,27.6,2508531,2023-04-16 02:43:00 UTC,,,
0F9D7SYFG0E9KNBB6EZGQP0PQN,23.8,2508531,2023-04-16 02:48:00 UTC,,,
0F9D7WT1601NFYJ1WEPENV91P1,23.6,2508531,2023-04-16 02:53:00 UTC,,,
0F9D7ZNJW062D853RZZBCCV863,23.4,2508531,2023-04-16 02:58:00 UTC,,,
0F9D82H4J0WDV976GVA6DJ1VDF,26.1,2508531,2023-04-16 03:03:00 UTC,,,
0F9D85CP806JWCS1JNCQPQYD4D,25.3,2508531,2023-04-16 03:08:00 UTC,,,
0F9D8887Y0GM3ZTA3T9NYZ3K0R,25.3,2508531,2023-04-16 03:13:00 UTC,,,
0F9D8B3SM0SCHF3BAWCQEAPP2S,23.8,2508531,2023-04-16 03:18:00 UTC,,,
0F9D8DZBA03STMHNAW0D8Y3C5J,25.2,2508531,2023-04-16 03:23:00 UTC,,,
0F9D8GTX00B4DEKT0QZG690ZAV,24.5,2508531,2023-04-16 03:28:00 UTC,,,
0F9D8KPEP051E5PM1PXVZRZ62K,24.7,2508531,2023-04-16 03:33:00 UTC,,,
0F9D8PJ0C065SNVPNTAPANKS3H,25.7,2508531,2023-04-16 03:38:00 UTC,,,
0F9D8SDJ2051W9VZ7YMMT6CK43,23.8,2508531,2023-04-16 03:43:00 UTC,,,
0F9D8W93R0FB1A4TQ4FV9EK1HG,23.7,2508531,2023-04-16 03:48:00 UTC,,,
0F9D8Z4NE0XCK7T6RWXCJ6S1YW,24.8,2508531,2023-04-16 03:53:00 UTC,,,
0F9D920740KRP3MNBQ2D2DCEW5,25.2,2508531,2023-04-16 03:58:00 UTC,,,
0F9D94VRT05SD4V20VYBG47HR0,24.9,2508531,2023-04-16 04:03:00 UTC,,,
0F9D97QAG03T4Q3MKTZ4FP4RH4,24.6,2508531,2023-04-16 04:08:00 UTC,,,
0F9D9AJW608MSYVM0HCXB0CFZA,24.6,2508531,2023-04-16 04:13:00 UTC,,,
0F9D9DEDW07EWRD18QX4ED2E5E,25.7,2508531,2023-04-16 04:18:00 UTC,,,
0F9D9G9ZJ0MN5DFYVKN2TPPZV7,24.6,2508531,2023-04-16 04:23:00 UTC,,,
0F9D9K5H80J5X8H0EZHMMB2PXP,23.8,2508531,2023-04-16 04:28:00 UTC,,,
0F9D9P12Y0FFN5D8H19KT9137Q,26.3,2508531,2023-04-16 04:33:00 UTC,,,
0F9D9RWMM0RWHFQ0SE8KM90JPK,24.9,2508531,2023-04-16 04:38:00 UTC,,,
0F9D9VR6A0Q71EG23TX0NQ7YXJ,23.9,2508531,2023-04-16 04:43:00 UTC,,,
0F9D9YKR00JBMFXQ69YD51J4K6,26.0,2508531,2023-04-16 04:48:00 UTC,,,
0F9DA1F9P0DTG4M9BBQ7W3WRMZ,25.4,2508531,2023-04-16 04:53:00 UTC,,,
0F9DA4AVC0Q0CJDGJ098S82DD6,24.0,2508531,2023-04-16 04:58:00 UTC,,,
0F9DA76D204MFHKX79R6FXVGYK,24.5,2508531,2023-04-16 05:03:00 UTC,,,
0F9DAA1YR0FG4246GR6HT66785,26.8,2508531,2023-04-16 05:08:00 UTC,,,
0F9DACXGE0DM42DY9G0DP177PB,25.9,2508531,2023-04-16 05:13:00 UTC,,,
0F9DAFS240X1V761C6GQ7D486Q,26.8,2508531,2023-04-16 05:18:00 UTC,,,
0F9DAJMKT01PGKS4DR3GCX6K41,25.4,2508531,2023-04-16 05:23:00 UTC,,,
0F9DANG5G0C1T3RQ29XK6PGP75,24.9,2508531,2023-04-16 05:28:00 UTC,,,
0F9DARBQ600HF87MVW3GXR72W6,25.6,2508531,2023-04-16 05:33:00 UTC,,,
0F9DAV78W0BXT24Z49949V2VNY,25.8,2508531,2023-04-16 05:38:00 UTC,,,
0F9DAY2TJ0K2GKRN8XN41DRKPM,24.9,2508531,2023-04-16 05:43:00 UTC,,,
0F9DB0YC805TY5Z72XG9MG3KT6,24.4,2508531,2023-04-16 05:48:00 UTC,,,
0F9DB3SXY0WT7TG7VE75EXSJ2K,26.1,2508531,2023-04-16 05:53:00 UTC,,,
0F9DB6NFM04JFQNN90H1FZ35CV,26.2,2508531,2023-04-16 05:58:00 UTC,,,
0F9DB9H1A0SXZZJ24VWTJP09CQ,24.7,2508531,2023-04-16 06:03:00 UTC,,,
0F9DBCCK003MDHQF492KT9BWKK,25.5,2508531,2023-04-16 06:08:00 UTC,,,
0F9DBF84P0P74MKJR4WEMGVKW4,24.9,2508531,2023-04-16 06:13:00 UTC,,,
0F9DBJ3PC03AG18328W3MT008D,23.5,2508531,2023-04-16 06:18:00 UTC,,,
0F9DBMZ8202ED8DX5HQK0V66WF,25.0,2508531,2023-04-16 06:23:00 UTC,,,
0F9DBQTSR0STQ61A2EJCY53PMA,25.1,2508531,2023-04-16 06:28:00 UTC,,,
0F9DBTPBE0S3NB7Z4Z20N4NCHR,23.0,2508531,2023-04-16 06:33:00 UTC,,,
0F9DBXHX40AZ2JS7ZSBR0PKDVK,24.9,2508531,2023-04-16 06:38:00 UTC,,,
0F9DC0DET0GZ6AH9P85DJ8PTX6,25.0,2508531,2023-04-16 06:43:00 UTC,,,
0F9DC390G06CRX87J8DZQ71JZM,24.6,2508531,2023-04-16 06:48:00 UTC,,,
0F9DC64J60DT7D1G4G5XDM0DM1,24.8,2508531,2023-04-16 06:53:00 UTC,,,
0F9DC903W0ANRFSN8Q1MMFXV39,24.9,2508531,2023-04-16 06:58:00 UTC,,,
0F9DCBVNJ0M58ERMPSD6MZ8RH7,24.4,2508531,2023-04-16 07:03:00 UTC,,,
0F9DCEQ7805FYGH2E5Z0X129AW,26.6,2508531,2023-04-16 07:08:00 UTC,,,
0F9DCHJRY0DNJA45VC1Y5D296K,22.9,2508531,2023-04-16 07:13:00 UTC,,,
0F9DCMEAM01TR3BJ83SJH4CQ09,25.0,2508531,2023-04-16 07:18:00 UTC,,,
0F9DCQ9WA0YBEQKD9JQW7MSK86,23.8,2508531,2023-04-16 07:23:00 UTC,,,
0F9DCT5E00BYQBT6F7240PH2T7,23.8,2508531,2023-04-16 07:28:00 UTC,,,
0F9DCX0ZP0WK50P7J83D4MDXCX,26.0,2508531,2023-04-16 07:33:00 UTC,,,
0F9DCZWHC0JY0YZVQX0YQNBNQM,25.5,2508531,2023-04-16 07:38:00 UTC,,,
0F9DD2R320VH0YS3GQEGEY65WH,24.1,2508531,2023-04-16 07:43:00 UTC,,,
0F9DD5KMR0RJVNRXVPY511TTKR,24.4,2508531,2023-04-16 07:48:00 UTC,,,
0F9DD8F6E0KZNDDJ17P8WM0AD0,25.2,2508531,2023-04-16 07:53:00 UTC,,,
0F9DDBAR40PAJTVFJE7536J7VX,24.2,2508531,2023-04-16 07:58:00 UTC,,,
0F9DDE69T0FS435CK7RXTAPRTJ,23.6,2508531,2023-04-16 08:03:00 UTC,,,
0F9DDH1VG01PDD7F8BX2534VQ7,25.0,2508531,2023-04-16 08:08:00 UTC,,,
0F9DDKXD60NPXZAN841HCN74E2,24.6,2508531,2023-04-16 08:13:00 UTC,,,
0F9DDPRYW0X9BZNGW85YPZ7X8Y,24.9,2508531,2023-04-16 08:18:00 UTC,,,
0F9DDSMGJ0040T75ZQNJP3TT3C,24.7,2508531,2023-04-16 08:23:00 UTC,,,
0F9DDWG280MMBWGP5QY062YZGD,24.0,2508531,2023-04-16 08:28:00 UTC,,,
0F9DDZBKY0X72XXM3NNNFYYTKY,26.5,2508531,2023-04-16 08:33:00 UTC,,,
0F9DE275M0AJVQKPD38XKQKJ5P,24.6,2508531,2023-04-16 08:38:00 UTC,,,
0F9DE52QA03JY3WXQK4Q6JXB92,27.1,2508531,2023-04-16 08:43:00 UTC,,,
0F9DE7Y9008AGY4BQSS7P167ZV,27.6,2508531,2023-04-16 08:48:00 UTC,,,
0F9DEASTP0DHFWCNHPEPXZVQ22,25.7,2508531,2023-04-16 08:53:00 UTC,,,
0F9DEDNCC016FJD90KF8R7T87K,26.6,2508531,2023-04-16 08:58:00 UTC,,,
0F9DEGGY208T2M852HB8XQRDBJ,24.2,2508531,2023-04-16 09:03:00 UTC,,,
0F9DEKCFR065FTZF3QXTS3DRYQ,24.2,2508531,2023-04-16 09:08:00 UTC,,,
0F9DEP81E0WERAC5RWCVSWW4G2,25.2,2508531,2023-04-16 09:13:00 UTC,,,
0F9DES3K40N2W6EJAQ1N2EF0QH,26.2,2508531,2023-04-16 09:18:00 UTC,,,
0F9DEVZ4T0XJF3YEF5996NQ22D,23.7,2508531,2023-04-16 09:23:00 UTC,,,
0F9DEYTPG0N8ZA3SWBDSWHC8XZ,25.0,2508531,2023-04-16 09:28:00 UTC,,,
0F9DF1P860QSPB0SK6SMH33R08,24.0,2508531,2023-04-16 09:33:00 UTC,,,
0F9DF4HSW0HGCZEGE7VJKCM2RQ,25.0,2508531,2023-04-16 09:38:00 UTC,,,
0F9DF7DBJ0Q1754PFHZYQE3Z3K,24.6,2508531,2023-04-16 09:43:00 UTC,,,
0F9DFA8X80S8JP6FR36JEGE5JH,24.5,2508531,2023-04-16 09:48:00 UTC,,,
0F9DFD4EY0FFWJ8QZZQM3T2YRR,24.1,2508531,2023-04-16 09:53:00 UTC,,,
0F9DFG00M0M6V1SH716RA50SE2,24.6,2508531,2023-04-16 09:58:00 UTC,,,
0F9DFJVJA0J4JAC0TEEM8QK87H,25.4,2508531,2023-04-16 10:03:00 UTC,,,
0F9DFNQ400S916ZD0FTY7BHKXW,25.8,2508531,2023-04-16 10:08:00 UTC,,,
0F9DFRJNP04ENJ6H777AH6VNAC,23.6,2508531,2023-04-16 10:13:00 UTC,,,
0F9DFVE7C088ZWK5YNGKD4ZD45,25.2,2508531,2023-04-16 10:18:00 UTC,,,
0F9DFY9S20BA74Y753W3Q3G8SW,26.6,2508531,2023-04-16 10:23:00 UTC,,,
0F9DG15AR00ZX2NCK5Z4S4KTC3,25.1,2508531,2023-04-16 10:28:00 UTC,,,
0F9DG40WE08S9ZS307X8WBD5DM,25.2,2508531,2023-04-16 10:33:00 UTC,,,
0F9DG6WE40KC1CZ054N9SCESQD,25.8,2508531,2023-04-16 10:38:00 UTC,,,
0F9DG9QZT09CVFD9WE1KF1J0Z3,24.0,2508531,2023-04-16 10:43:00 UTC,,,
0F9DGCKHG0PPANT6CMCKD7WT7F,23.6,2508531,2023-04-16 10:48:00 UTC,,,
0F9DGFF360GKX4159NBD3KZT2J,23.7,2508531,2023-04-16 10:53:00 UTC,,,
0F9DGJAMW041ABQS4PQMNA6H9N,25.2,2508531,2023-04-16 10:58:00 UTC,,,
0F9DGN66J06DS9BDCV4ACHCK0Y,24.2,2508531,2023-04-16 11:03:00 UTC,,,
0F9DGR1R809ZC6P4C5RTZAEZFX,24.6,2508531,2023-04-16 11:08:00 UTC,,,
0F9DGTX9Y0E1EQMBCDZCG33AVW,25.2,2508531,2023-04-16 11:13:00 UTC,,,
0F9DGXRVM0QEDF23R4416N13K3,26.8,2508531,2023-04-16 11:18:00 UTC,,,
0F9DH0MDA0GA5QQM2JGV5YRN5M,27.0,2508531,2023-04-16 11:23:00 UTC,,,
0F9DH3FZ00Q29DHB84DKME7HNE,23.9,2508531,2023-04-16 11:28:00 UTC,,,
0F9DH6BGP0ZKXYFYB7CW3VZ8W5,25.3,2508531,2023-04-16 11:33:00 UTC,,,
0F9DH972C04X961V9KV9X3JKBK,24.9,2508531,2023-04-16 11:38:00 UTC,,,
0F9DHC2M20G3N5AAC6VHD3DG68,25.0,2508531,2023-04-16 11:43:00 UTC,,,
0F9DHEY5R0AQ6AXB8YTKYQ0YZ3,25.6,2508531,2023-04-16 11:48:00 UTC,,,
0F9DYDSAE0N3HJ5XZT5P04KA8Q,26.9,2508531,2023-04-16 23:53:00 UTC,,,
0F9DYGMW400RRCJ3H28HM6RQ0M,26.0,2508531,2023-04-16 23:58:00 UTC,,,
0F9DYKGDT0136E7G5T5FN3Z1WF,25.2,2508531,2023-04-17 00:03:00 UTC,,,
0F9DYPBZG0P256ZB2W8RF7KC4T,25.0,2508531,2023-04-17 00:08:00 UTC,,,
0F9DYS7H60CX2F3AY8FGJ6GDMH,25.3,2508531,2023-04-17 00:13:00 UTC,,,
0F9DYW32W0HFKMFJ33RYJ9PYYE,26.4,2508531,2023-04-17 00:18:00 UTC,,,
0F9DYYYMJ0QSX60YV1DJYYM6E4,25.0,2508531,2023-04-17 00:23:00 UTC,,,
0F9DZ1T680J2A652Z4WEEXG439,25.0,2508531,2023-04-17 00:28:00 UTC,,,
0F9DZ4NQY0SA9XFEDVN5XZ2330,23.9,2508531,2023-04-17 00:33:00 UTC,,,
0F9DZ7H9M0D7MD6A9VMDXH6YTZ,25.6,2508531,2023-04-17 00:38:00 UTC,,,
0F9DZACVA0JH3YQ31XPGXZ64V4,25.6,2508531,2023-04-17 00:43:00 UTC,,,
0F9DZD8D00SAZQ9660HZF4BN5Z,25.2,2508531,2023-04-17 00:48:00 UTC,,,
0F9DZG3YP0VMEQJKXQT1B1Y6FC,24.5,2508531,2023-04-17 00:53:00 UTC,,,
0F9DZJZGC0T1YKV1G5NBZX398A,26.0,2508531,2023-04-17 00:58:00 UTC,,,
0F9DZNV220J79PRCPJ7PKRC42M,24.3,2508531,2023-04-17 01:03:00 UTC,,,
0F9DZRPKR0QNJJ1GQTVT7151VN,25.7,2508531,2023-04-17 01:08:00 UTC,,,
0F9DZVJ5E01W450J3APZA65ZYX,25.3,2508531,2023-04-17 01:13:00 UTC,,,
0F9DZYDQ409TPVS48SCDXBZGJY,24.9,2508531,2023-04-17 01:18:00 UTC,,,
0F9E0198T0G1JWP8S9M3XKW85Y,24.2,2508531,2023-04-17 01:23:00 UTC,,,
0F9E044TG07M92ZMKMG000HWHS,25.4,2508531,2023-04-17 01:28:00 UTC,,,
0F9E070C60PZ6XCE51K7PEA2K2,24.3,2508531,2023-04-17 01:33:00 UTC,,,
0F9E09VXW0RVQP7EPD3DC7PR38,25.7,2508531,2023-04-17 01:38:00 UTC,,,
0F9E0CQFJ0AB53ZSV3CCZP8EDY,24.4,2508531,2023-04-17 01:43:00 UTC,,,
0F9E0FK180SFS1T8RH2CTG106Q,25.0,2508531,2023-04-17 01:48:00 UTC,,,
0F9E0JEJY0Z3RCFQJSCQTRKBJX,25.4,2508531,2023-04-17 01:53:00 UTC,,,
0F9E0NA4M06WKE8N0T13B1DFXN,26.4,2508531,2023-04-17 01:58:00 UTC,,,
0F9E0R5PA0TYS08MY83PZBTZDD,25.5,2508531,2023-04-17 02:03:00 UTC,,,
0F9E0V1800MWFRK78PGAX2W58A,23.7,2508531,2023-04-17 02:08:00 UTC,,,
0F9E0XWSP03GRCCA0DBMFHQG73,25.1,2508531,2023-04-17 02:13:00 UTC,,,
0F9E10RBC0KV2EYHQC7EANX4EQ,23.9,2508531,2023-04-17 02:18:00 UTC,,,
0F9E13KX20TQK0XZF13J585K4A,23.7,2508531,2023-04-17 02:23:00 UTC,,,
0F9E16FER07KV9X8ZWF67FRH3B,25.5,2508531,2023-04-17 02:28:00 UTC,,,
0F9E19B0E03PG36JYG9Q6PRAQE,25.2,2508531,2023-04-17 02:33:00 UTC,,,
0F9E1C6J40V8ZECZ88NJDED8GH,26.1,2508531,2023-04-17 02:38:00 UTC,,,
0F9E1F23T09T3SX2T3Y9WYNHZR,23.7,2508531,2023-04-17 02:43:00 UTC,,,
0F9E1HXNG0PC9TH7V5ER4D237M,24.6,2508531,2023-04-17 02:48:00 UTC,,,
0F9E1MS7605NRZ8E5TKKWKESMA,24.6,2508531,2023-04-17 02:53:00 UTC,,,
0F9E1QMRW0N9TK6X4WG4RAYS4K,24.0,2508531,2023-04-17 02:58:00 UTC,,,
0F9E1TGAJ038159AFSNZCRWH3Q,25.0,2508531,2023-04-17 03:03:00 UTC,,,
0F9E1XBW80HHZANM9DHE5SE9EA,24.2,2508531,2023-04-17 03:08:00 UTC,,,
0F9E207DY00F9EH2Q4BEE3S21Y,25.8,2508531,2023-04-17 03:13:00 UTC,,,
0F9E232ZM0RB7TH03FJJE1XNJD,26.5,2508531,2023-04-17 03:18:00 UTC,,,
0F9E25YHA01TNDTD725S2BKKFB,26.0,2508531,2023-04-17 03:23:00 UTC,,,
0F9E28T300X1V7R9SWCAR5WPMH,24.6,2508531,2023-04-17 03:28:00 UTC,,,
0F9E2BNMP0C9FMP74FH6XRNBWP,24.6,2508531,2023-04-17 03:33:00 UTC,,,
0F9E2EH6C0QPQEA3ZAVR3G3GK2,26.7,2508531,2023-04-17 03:38:00 UTC,,,
0F9E2HCR20NTHX2ZCNQ8KE38EA,23.3,2508531,2023-04-17 03:43:00 UTC,,,
0F9E2M89R0Q8TKFR5VKF4V880C,25.2,2508531,2023-04-17 03:48:00 UTC,,,
0F9E2Q3VE0FGMPX76H46216CV8,25.6,2508531,2023-04-17 03:53:00 UTC,,,
0F9E2SZD40DEPWJ4K9QRFMYVY3,24.9,2508531,2023-04-17 03:58:00 UTC,,,
0F9E2WTYT0727WGE327PT19VQ2,25.7,2508531,2023-04-17 04:03:00 UTC,,,
0F9E2ZPGG0G8GTGXG8NM4GD8DV,25.1,2508531,2023-04-17 04:08:00 UTC,,,
0F9E32J260J9H4XKPSK62X5E51,23.9,2508531,2023-04-17 04:13:00 UTC,,,
0F9E35DKW02127G4RNVKYEJW5N,26.2,2508531,2023-04-17 04:18:00 UTC,,,
0F9E3895J06CVVH50S8DC02GCZ,25.4,2508531,2023-04-17 04:23:00 UTC,,,
0F9E3B4Q8039KVAY5SRZWXMWEE,26.0,2508531,2023-04-17 04:28:00 UTC,,,
0F9E3E08Y0N3V0QR2W43D8XWDF,25.8,2508531,2023-04-17 04:33:00 UTC,,,
0F9E3GVTM05EATCYCZ0H85YJFC,24.7,2508531,2023-04-17 04:38:00 UTC,,,
0F9E3KQCA0XHS7RQGGPZAZQEG1,26.4,2508531,2023-04-17 04:43:00 UTC,,,
0F9E3PJY001PJWJYC3XN5XP8V4,25.4,2508531,2023-04-17 04:48:00 UTC,,,
0F9E3SEFP09ZKRBWPPRWPKJF5Z,25.0,2508531,2023-04-17 04:53:00 UTC,,,
0F9E3WA1C00T0G34CPRMHD4A3E,24.2,2508531,2023-04-17 04:58:00 UTC,,,
0F9E3Z5K204J5WEVQ746F3140Y,24.0,2508531,2023-04-17 05:03:00 UTC,,,
0F9E4214R0FVK28BTHF49MKR9S,27.3,2508531,2023-04-17 05:08:00 UTC,,,
0F9E44WPE0MV295QPVGEJEAXVP,26.5,2508531,2023-04-17 05:13:00 UTC,,,
0F9E47R8402778MAM9PNHVXPTY,25.4,2508531,2023-04-17 05:18:00 UTC,,,
0F9E4AKST0PTTWQ88R2R5CEQ61,23.6,2508531,2023-04-17 05:23:00 UTC,,,
0F9E4DFBG0MWQQWB7QPJP027G7,23.4,2508531,2023-04-17 05:28:00 UTC,,,
0F9E4GAX607GCA7B68PRZZTFK2,25.3,2508531,2023-04-17 05:33:00 UTC,,,
0F9E4K6EW0DMF9B4P727CG4DRT,25.2,2508531,2023-04-17 05:38:00 UTC,,,
0F9E4P20J0S9YTQMYZJCN9VH6V,24.3,2508531,2023-04-17 05:43:00 UTC,,,
0F9E4RXJ80822XF4EHNP212X0Y,25.9,2508531,2023-04-17 05:48:00 UTC,,,
0F9E4VS3Y0TVR3TRX4JZHRWHKK,25.3,2508531,2023-04-17 05:53:00 UTC,,,
0F9E4YMNM073R790JCKXD36F9K,25.0,2508531,2023-04-17 05:58:00 UTC,,,
0F9E51G7A00TQXZQQD3PQN0WN8,25.7,2508531,2023-04-17 06:03:00 UTC,,,
0F9E54BS00W5ZNRTNH02GVMMKW,24.5,2508531,2023-04-17 06:08:00 UTC,,,
0F9E577AP0HS4WV3K2WE8XYQA1,24.9,2508531,2023-04-17 06:13:00 UTC,,,
0F9E5A2WC0BBRGQVK2Y27QTXVF,26.6,2508531,2023-04-17 06:18:00 UTC,,,
0F9E5CYE20HF1719RPX59SNB3M,24.9,2508531,2023-04-17 06:23:00 UTC,,,
0F9E5FSZR0S2ATNNXAR9F9X8N4,26.1,2508531,2023-04-17 06:28:00 UTC,,,
0F9E5JNHE07SDC00Q2YR5ZAVG5,25.1,2508531,2023-04-17 06:33:00 UTC,,,
0F9E5NH340CR7HNYFZBGQ2BYMN,26.7,2508531,2023-04-17 06:38:00 UTC,,,
0F9E5RCMT0FB8M3HJ65CCMA6C1,23.2,2508531,2023-04-17 06:43:00 UTC,,,
0F9E5V86G0T9R45PTZ0YY4GDVJ,24.9,2508531,2023-04-17 06:48:00 UTC,,,
0F9E5Y3R6013EGSAPN7H60XMF1,25.5,2508531,2023-04-17 06:53:00 UTC,,,
0F9E60Z9W0S6TPSE7PCWGCW0A0,26.7,2508531,2023-04-17 06:58:00 UTC,,,
0F9E63TVJ065BMRGTSY5AJGQHY,24.2,2508531,2023-04-17 07:03:00 UTC,,,
0F9E66PD805NH9WP2YQ4CKE29D,23.2,2508531,2023-04-17 07:08:00 UTC,,,
0F9E69HYY0EWBG5S9G1BT8BTGR,25.8,2508531,2023-04-17 07:13:00 UTC,,,
0F9E6CDGM04QRW6XTCW5XXBRV0,25.0,2508531,2023-04-17 07:18:00 UTC,,,
0F9E6F92A0GCG5GMRWH801AGE1,26.6,2508531,2023-04-17 07:23:00 UTC,,,
0F9E6J4M00HSGFMXK1EHK04YHW,24.8,2508531,2023-04-17 07:28:00 UTC,,,
0F9E6N05P0Y62R7NA4HS01DAMC,27.1,2508531,2023-04-17 07:33:00 UTC,,,
0F9E6QVQC0PJ9G4V195S1N2BYW,25.3,2508531,2023-04-17 07:38:00 UTC,,,
0F9E6TQ920B74BF17PN73SHJDT,25.3,2508531,2023-04-17 07:43:00 UTC,,,
0F9E6XJTR079C7RD887N7HF9W8,25.2,2508531,2023-04-17 07:48:00 UTC,,,
0F9E70ECE0208RE473GQ7MM8TA,24.6,2508531,2023-04-17 07:53:00 UTC,,,
0F9E739Y40BZ9BM237YGH9VJM7,25.8,2508531,2023-04-17 07:58:00 UTC,,,
0F9E765FT0ECW8YSD70M3K4C7M,24.8,2508531,2023-04-17 08:03:00 UTC,,,
0F9E7911G0VCVF79SR5S5H8Y52,24.9,2508531,2023-04-17 08:08:00 UTC,,,
0F9E7BWK601DYZXYM3ZKQK2E5C,26.7,2508531,2023-04-17 08:13:00 UTC,,,
0F9E7ER4W0BNEE09PPJW2QYT8H,23.3,2508531,2023-04-17 08:18:00 UTC,,,
0F9E7HKPJ0HYQ0B6X52YS371CS,26.1,2508531,2023-04-17 08:23:00 UTC,,,
0F9E7MF88074JB6JGW5F2NG5QW,26.2,2508531,2023-04-17 08:28:00 UTC,,,
0F9E7QASY0A62AY39Y3VFHAW65,23.1,2508531,2023-04-17 08:33:00 UTC,,,
0F9E7T6BM0V63WY1GF3FPAW1NA,27.6,2508531,2023-04-17 08:38:00 UTC,,,
0F9E7X1XA0MWHTGDQ52WX9MMYQ,24.0,2508531,2023-04-17 08:43:00 UTC,,,
0F9E7ZXF008HNDV4TPQNKNVHTC,25.6,2508531,2023-04-17 08:48:00 UTC,,,
0F9E82S0P0TQYZZQ11GPNAWH1R,25.5,2508531,2023-04-17 08:53:00 UTC,,,
0F9E85MJC083YRMX4H01FABJ4T,25.5,2508531,2023-04-17 08:58:00 UTC,,,
0F9E88G4208GYH56SWWHWNF30X,26.3,2508531,2023-04-17 09:03:00 UTC,,,
0F9E8BBNR0NBFK3YA0CDMZE8S4,23.9,2508531,2023-04-17 09:08:00 UTC,,,
0F9E8E77E0QC4BSDKM73959FNW,25.7,2508531,2023-04-17 09:13:00 UTC,,,
0F9E8H2S40W53HZ1VS7ZH6B6N0,22.8,2508531,2023-04-17 09:18:00 UTC,,,
0F9E8KYAT03SNEYNX7GP7HZHCM,24.0,2508531,2023-04-17 09:23:00 UTC,,,
0F9E8PSWG067MF1Z533HYNR3V8,23.5,2508531,2023-04-17 09:28:00 UTC,,,
0F9E8SNE60V6ZN8Z5CFG3XVFGA,24.9,2508531,2023-04-17 09:33:00 UTC,,,
0F9E8WGZW0T1D6AVVZ8SKSAR32,25.2,2508531,2023-04-17 09:38:00 UTC,,,
0F9E8ZCHJ0XA1VK4M6DBN15TS1,24.1,2508531,2023-04-17 09:43:00 UTC,,,
0F9E928380ZY3NKAR496DEKD9Q,25.7,2508531,2023-04-17 09:48:00 UTC,,,
0F9E953MY022R4871QDRCPGCNK,27.0,2508531,2023-04-17 09:53:00 UTC,,,
0F9E97Z6M00AS7EHKR96MNQ036,23.8,2508531,2023-04-17 09:58:00 UTC,,,
0F9E9ATRA0XNRD3T63CGCATPFJ,24.8,2508531,2023-04-17 10:03:00 UTC,,,
0F9E9DPA00PHEEC11RZ11V2G4B,26.7,2508531,2023-04-17 10:08:00 UTC,,,
0F9E9GHVP0ESAANBVZRED8BN3S,25.7,2508531,2023-04-17 10:13:00 UTC,,,
0F9E9KDDC0VXMD5ZCXAN0HA8ZZ,24.9,2508531,2023-04-17 10:18:00 UTC,,,
0F9E9P8Z20VCHP9ZA35ACG5HGY,25.1,2508531,2023-04-17 10:23:00 UTC,,,
0F9E9S4GR04HF4N9373D8NKRR3,25.4,2508531,2023-04-17 10:28:00 UTC,,,
0F9E9W02E0T5EGZ74SM9D4RPDJ,24.7,2508531,2023-04-17 10:33:00 UTC,,,
0F9E9YVM40TJBBYHW9SK3MQN0D,25.0,2508531,2023-04-17 10:38:00 UTC,,,
0F9EA1Q5T077B0K10QJ9Y0DCAJ,25.0,2508531,2023-04-17 10:43:00 UTC,,,
0F9EA4JQG0C63V27MX3CTB71CV,26.6,2508531,2023-04-17 10:48:00 UTC,,,
0F9EA7E960WP0K5TYER4RG1JXP,25.9,2508531,2023-04-17 10:53:00 UTC,,,
0F9EAA9TW0N8Q9PYJKEESRSNYE,23.9,2508531,2023-04-17 10:58:00 UTC,,,
0F9EAD5CJ07GBYZ8H04JQXGAX9,23.6,2508531,2023-04-17 11:03:00 UTC,,,
0F9EAG0Y80CMX43S5T6QXP27Z5,25.2,2508531,2023-04-17 11:08:00 UTC,,,
0F9EAJWFY0KYENN90X8XD8EE5N,25.5,2508531,2023-04-17 11:13:00 UTC,,,
0F9EANR1M0XQQ245XN6TV3EMJA,27.0,2508531,2023-04-17 11:18:00 UTC,,,
0F9EARKKA0433QR22TA4VRNB92,25.3,2508531,2023-04-17 11:23:00 UTC,,,
0F9EAVF5005J2Q16FY039Z8Z9T,25.8,2508531,2023-04-17 11:28:00 UTC,,,
0F9EAYAPP02XYCA0CYKCKSNAVX,23.5,2508531,2023-04-17 11:33:00 UTC,,,
0F9EB168C0G9XVAW9VVRT4FV9W,26.4,2508531,2023-04-17 11:38:00 UTC,,,
0F9EB41T20VR50Q34X8V61EK5D,25.3,2508531,2023-04-17 11:43:00 UTC,,,
0F9EB6XBR04753609DRGAKTFCP,25.1,2508531,2023-04-17 11:48:00 UTC,,,
0F9ER5RGE03C9Z0FF3CJK3GTF6,25.7,2508531,2023-04-17 23:53:00 UTC,,,
0F9ER8M240R3C7S5XGB3328A8H,23.8,2508531,2023-04-17 23:58:00 UTC,,,
0F9ERBFKT0NY65Z2XKJFGJSF0Z,24.7,2508531,2023-04-18 00:03:00 UTC,,,
0F9EREB5G01F0VEW6G749R24SD,25.1,2508531,2023-04-18 00:08:00 UTC,,,
0F9ERH6Q6002M5651Q5D09TBNN,23.7,2508531,2023-04-18 00:13:00 UTC,,,
0F9ERM28W08QDPHNF60F2VSEE6,23.1,2508531,2023-04-18 00:18:00 UTC,,,
0F9ERPXTJ0F0KWW9C9PM83P0YA,24.2,2508531,2023-04-18 00:23:00 UTC,,,
0F9ERSSC80HV0VYHEWFT7V9W9V,25.9,2508531,2023-04-18 00:28:00 UTC,,,
0F9ERWMXY01N5M3RQYEP1JVZKD,24.1,2508531,2023-04-18 00:33:00 UTC,,,
0F9ERZGFM0R1MPZ3J34A8E826D,24.8,2508531,2023-04-18 00:38:00 UTC,,,
0F9ES2C1A027V16Q754STYFW3P,25.1,2508531,2023-04-18 00:43:00 UTC,,,
0F9ES57K001P2JV83GJ2BH6ESM,24.4,2508531,2023-04-18 00:48:00 UTC,,,
0F9ES834P08XEXFX5MEQ0C9P6M,25.2,2508531,2023-04-18 00:53:00 UTC,,,
0F9ESAYPC0P4YEV42CEBM21BB6,26.7,2508531,2023-04-18 00:58:00 UTC,,,
0F9ESDT820GT4F4VAS991YAFYE,24.4,2508531,2023-04-18 01:03:00 UTC,,,
0F9ESGNSR0HX9QZ0G0FN2G3N9W,25.1,2508531,2023-04-18 01:08:00 UTC,,,
0F9ESKHBE0QEQG1GH244PBJ4XS,24.0,2508531,2023-04-18 01:13:00 UTC,,,
0F9ESPCX40BQB7G4MFMZ3ZGWBY,24.0,2508531,2023-04-18 01:18:00 UTC,,,
0F9ESS8ET0E1SSY1VHEVC3KTCS,24.5,2508531,2023-04-18 01:23:00 UTC,,,
0F9ESW40G084YERABZVJ7EG5RQ,25.8,2508531,2023-04-18 01:28:00 UTC,,,
0F9ESYZJ60ZF5NEPKNE0T0Z4VV,25.9,2508531,2023-04-18 01:33:00 UTC,,,
0F9ET1V3W029GFEVNVGAJSNHSR,24.3,2508531,2023-04-18 01:38:00 UTC,,,
0F9ET4PNJ000P7MP68AMJ93FWE,26.1,2508531,2023-04-18 01:43:00 UTC,,,
0F9ET7J7809DEEAWSZD3YFA5DA,24.7,2508531,2023-04-18 01:48:00 UTC,,,
0F9ETADRY06V0A2X6FHJSTZSMA,25.4,2508531,2023-04-18 01:53:00 UTC,,,
0F9ETD9AM04TEWE7VRK7TQFR9M,24.9,2508531,2023-04-18 01:58:00 UTC,,,
0F9ETG4WA0N0CXA2GTWRSXFZ2Z,24.2,2508531,2023-04-18 02:03:00 UTC,,,
0F9ETK0E00Y2B36VVB5MMTY8BP,26.1,2508531,2023-04-18 02:08:00 UTC,,,
0F9ETNVZP06M61YBN3PKHJGVGP,25.4,2508531,2023-04-18 02:13:00 UTC,,,
0F9ETRQHC0S186BXFKZZV92838,25.3,2508531,2023-04-18 02:18:00 UTC,,,
0F9ETVK32092T7BEBG27GNBPXG,27.3,2508531,2023-04-18 02:23:00 UTC,,,
0F9ETYEMR0H4KXJKE0AQVMG4SP,25.4,2508531,2023-04-18 02:28:00 UTC,,,
0F9EV1A6E0MBP0CFY8N11PTCEC,25.4,2508531,2023-04-18 02:33:00 UTC,,,
0F9EV45R40310MRYDEAY0FP809,24.2,2508531,2023-04-18 02:38:00 UTC,,,
0F9EV719T0ZD1TZVS7D4PK9NDV,24.9,2508531,2023-04-18 02:43:00 UTC,,,
0F9EV9WVG0Z0AP3Q4JT8087NZE,24.5,2508531,2023-04-18 02:48:00 UTC,,,
0F9EVCRD60ZMB9Y817JJWYN779,25.8,2508531,2023-04-18 02:53:00 UTC,,,
0F9EVFKYW0CMZ8DC1CJ0N5X1P1,26.2,2508531,2023-04-18 02:58:00 UTC,,,
0F9EVJFGJ0GY7HJGBEKW6GPFCG,24.2,2508531,2023-04-18 03:03:00 UTC,,,
0F9EVNB2801KXXWY9GSRWX2233,23.3,2508531,2023-04-18 03:08:00 UTC,,,
0F9EVR6KY07RXWKT90VFHT3Q13,25.4,2508531,2023-04-18 03:13:00 UTC,,,
0F9EVV25M0RWABC09FBNJDT6H7,24.7,2508531,2023-04-18 03:18:00 UTC,,,
0F9EVXXQA0BRTGBXCQKE81CMQ1,25.1,2508531,2023-04-18 03:23:00 UTC,,,
0F9EW0S90051V40TY37VMVWXMY,22.2,2508531,2023-04-18 03:28:00 UTC,,,
0F9EW3MTP0GGP47N1W65MJ0E80,24.5,2508531,2023-04-18 03:33:00 UTC,,,
0F9EW6GCC0A1WY6YVGQW7KYT86,25.0,2508531,2023-04-18 03:38:00 UTC,,,
0F9EW9BY2018VSXH2Q4DM1WHM0,25.7,2508531,2023-04-18 03:43:00 UTC,,,
0F9EWC7FR0MGBJ7NRXS6FKEAP3,26.4,2508531,2023-04-18 03:48:00 UTC,,,
0F9EWF31E0REDPSMM0MAJ8SMPJ,23.7,2508531,2023-04-18 03:53:00 UTC,,,
0F9EWHYK403KPZY9CZEFRN0PMS,25.2,2508531,2023-04-18 03:58:00 UTC,,,
0F9EWMT4T0KB302ECZFSJ4H70M,24.5,2508531,2023-04-18 04:03:00 UTC,,,
0F9EWQNPG012WTK6GRVBZ8SZXM,24.4,2508531,2023-04-18 04:08:00 UTC,,,
0F9EWTH86077SQK7VYKEMY2ZSD,24.5,2508531,2023-04-18 04:13:00 UTC,,,
0F9EWXCSW0G9QJVVWKA8SQD8CW,25.1,2508531,2023-04-18 04:18:00 UTC,,,
0F9EX08BJ0QMER1KRVW0SP28M5,24.3,2508531,2023-04-18 04:23:00 UTC,,,
0F9EX33X80NYGKXN4PA7HNVQYP,23.7,2508531,2023-04-18 04:28:00 UTC,,,
0F9EX5ZEY0C5GSAXGYR98J36MZ,25.9,2508531,2023-04-18 04:33:00 UTC,,,
0F9EX8V0M07AZRSX2F67VVXRMQ,25.7,2508531,2023-04-18 04:38:00 UTC,,,
0F9EXBPJA0FH7T0Q6ZSXBSGPVW,23.7,2508531,2023-04-18 04:43:00 UTC,,,
0F9EXEJ400TJSK5KFSXX0KGDC1,25.0,2508531,2023-04-18 04:48:00 UTC,,,
0F9EXHDNP0Z3DWB1RMH9AMHQ2T,25.7,2508531,2023-04-18 04:53:00 UTC,,,
0F9EXM97C0ZMZMF2YZA3CYY8M0,25.6,2508531,2023-04-18 04:58:00 UTC,,,
0F9EXQ4S201SQTXZF7WG8K5BRT,25.0,2508531,2023-04-18 05:03:00 UTC,,,
0F9EXT0AR0A6E37G5KM4FRGSMQ,26.1,2508531,2023-04-18 05:08:00 UTC,,,
0F9EXWVWE0291F1Y5QJ42RD79C,26.5,2508531,2023-04-18 05:13:00 UTC,,,
0F9EXZQE40WNS4CCYCKQQHGBMJ,24.7,2508531,2023-04-18 05:18:00 UTC,,,
0F9EY2JZT0N2TB7V2X0E0CQP8D,26.2,2508531,2023-04-18 05:23:00 UTC,,,
0F9EY5EHG07XX0N9B1E6WMYQ4N,23.5,2508531,2023-04-18 05:28:00 UTC,,,
0F9EY8A3607N4V30A0QP8RMWQV,24.4,2508531,2023-04-18 05:33:00 UTC,,,
0F9EYB5MW06PVPZ0F85G7MKK6N,23.0,2508531,2023-04-18 05:38:00 UTC,,,
0F9EYE16J0499RYQGMJPNCVHYW,25.3,2508531,2023-04-18 05:43:00 UTC,,,
0F9EYGWR80AETDYFY3WQ8HZM3R,28.6,2508531,2023-04-18 05:48:00 UTC,,,
0F9EYKR9Y0DT59DRDNSV40YWFN,25.7,2508531,2023-04-18 05:53:00 UTC,,,
0F9EYPKVM0FQ9C6AXMDFJ0EH94,24.1,2508531,2023-04-18 05:58:00 UTC,,,
0F9EYSFDA0TMAWRF28YWGZRK94,24.9,2508531,2023-04-18 06:03:00 UTC,,,
0F9EYWAZ00PR05NCA50HRJ31GS,24.3,2508531,2023-04-18 06:08:00 UTC,,,
0F9EYZ6GP065V67MRVNXEH1BJW,25.2,2508531,2023-04-18 06:13:00 UTC,,,
0F9EZ222C00RB8C795P0Z0F8DM,24.8,2508531,2023-04-18 06:18:00 UTC,,,
0F9EZ4XM20PTEG56D3FTFFG41Z,25.4,2508531,2023-04-18 06:23:00 UTC,,,
0F9EZ7S5R07NZY3D9W2J567ECB,24.1,2508531,2023-04-18 06:28:00 UTC,,,
0F9EZAMQE05JG3R0Y880H9FA5E,25.2,2508531,2023-04-18 06:33:00 UTC,,,
0F9EZDG940ZPW06CN86EQF073A,24.3,2508531,2023-04-18 06:38:00 UTC,,,
0F9EZGBTT06823F0TV11SYNX44,24.6,2508531,2023-04-18 06:43:00 UTC,,,
0F9EZK7CG00DCMN8EGSBRG1V8B,25.7,2508531,2023-04-18 06:48:00 UTC,,,
0F9EZP2Y60B1DH8V6N76KB4NCX,23.5,2508531,2023-04-18 06:53:00 UTC,,,
0F9EZRYFW0KKE8SPRHAA28DA1G,24.8,2508531,2023-04-18 06:58:00 UTC,,,
0F9EZVT1J06FVKM61VCC4ZQYWH,24.8,2508531,2023-04-18 07:03:00 UTC,,,
0F9EZYNK80APYYJ0H1ZXD58GP1,26.4,2508531,2023-04-18 07:08:00 UTC,,,
0F9F01H4Y0QV9D9JXK0H0Z2JK8,25.7,2508531,2023-04-18 07:13:00 UTC,,,
0F9F04CPM0P7WA0DB39XD198QM,26.5,2508531,2023-04-18 07:18:00 UTC,,,
0F9F0788A0WWVSKPWP1TVAM7B5,23.7,2508531,2023-04-18 07:23:00 UTC,,,
0F9F0A3T002T5C22MJGSHYNY3D,25.7,2508531,2023-04-18 07:28:00 UTC,,,
0F9F0CZBP01QVX7CS3ZXGQ6MX9,24.7,2508531,2023-04-18 07:33:00 UTC,,,
0F9F0FTXC0HFCSE045CH1TNXG8,24.4,2508531,2023-04-18 07:38:00 UTC,,,
0F9F0JPF20W19AWP1NDXBFD01D,25.3,2508531,2023-04-18 07:43:00 UTC,,,
0F9F0NJ0R0PWK8BCJ77JJDFFN8,25.4,2508531,2023-04-18 07:48:00 UTC,,,
0F9F0RDJE0T0NCVFPQPTFYR7N7,24.9,2508531,2023-04-18 07:53:00 UTC,,,
0F9F0V9440HA0JRB54FCMR5CZQ,24.7,2508531,2023-04-18 07:58:00 UTC,,,
0F9F0Y4NT0AATM17DJNRGPKHVB,25.5,2508531,2023-04-18 08:03:00 UTC,,,
0F9F1107G068BV0859AK4G66RS,24.2,2508531,2023-04-18 08:08:00 UTC,,,
0F9F13VS60FF6F6RJZNXX5TJ8J,24.9,2508531,2023-04-18 08:13:00 UTC,,,
0F9F16QAW0CBZQFEDCW66CK3PB,24.4,2508531,2023-04-18 08:18:00 UTC,,,
0F9F19JWJ0NZBG1RE1XV4YCJG8,24.3,2508531,2023-04-18 08:23:00 UTC,,,
0F9F1CEE80ETQYRGHGVNF3ME0A,24.1,2508531,2023-04-18 08:28:00 UTC,,,
0F9F1F9ZY0P8T723BQ25SA8DK2,26.0,2508531,2023-04-18 08:33:00 UTC,,,
0F9F1J5HM0JMJD8XFR5M929ZS3,23.9,2508531,2023-04-18 08:38:00 UTC,,,
0F9F1N13A0N7JDJ0SRVY7AW2XB,25.1,2508531,2023-04-18 08:43:00 UTC,,,
0F9F1QWN00C5QS1453XYCTXF31,24.6,2508531,2023-04-18 08:48:00 UTC,,,
0F9F1TR6P054AD5K1CDRRAGVRV,25.2,2508531,2023-04-18 08:53:00 UTC,,,
0F9F1XKRC00KYK4YFABP5D1C9T,23.0,2508531,2023-04-18 08:58:00 UTC,,,
0F9F20FA20MP0G4NCGHQN3R1FB,26.5,2508531,2023-04-18 09:03:00 UTC,,,
0F9F23AVR0PH4WPBJMVSFHZ77H,23.8,2508531,2023-04-18 09:08:00 UTC,,,
0F9F266DE0N41GD10A9V928WWF,24.9,2508531,2023-04-18 09:13:00 UTC,,,
0F9F291Z400N4PD6B485J41BSN,26.6,2508531,2023-04-18 09:18:00 UTC,,,
0F9F2BXGT05PEPQ7PN6GRJ5BWJ,25.9,2508531,2023-04-18 09:23:00 UTC,,,
0F9F2ES2G0GXAT3FGABN82CGE9,24.2,2508531,2023-04-18 09:28:00 UTC,,,
0F9F2HMM60Z658QAB6AGQN3A82,24.5,2508531,2023-04-18 09:33:00 UTC,,,
0F9F2MG5W0MFX2NDMM4W3NVHB0,26.4,2508531,2023-04-18 09:38:00 UTC,,,
0F9F2QBQJ044ZW9KV79KK65TJX,25.8,2508531,2023-04-18 09:43:00 UTC,,,
0F9F2T7980K2MDKJS9ZWTJ9M6N,23.8,2508531,2023-04-18 09:48:00 UTC,,,
0F9F2X2TY0GX5N50H3Q4NCNDG8,26.3,2508531,2023-04-18 09:53:00 UTC,,,
0F9F2ZYCM0M5XBNJNB2D180679,26.4,2508531,2023-04-18 09:58:00 UTC,,,
0F9F32SYA037VQJ645TB5YVPKD,24.8,2508531,2023-04-18 10:03:00 UTC,,,
0F9F35NG006SQGJ5JDZKY9XVP2,26.2,2508531,2023-04-18 10:08:00 UTC,,,
0F9F38H1P03RETW4ZPBYQS2HV2,22.6,2508531,2023-04-18 10:13:00 UTC,,,
0F9F3BCKC0EETTV49DE1P92J36,26.0,2508531,2023-04-18 10:18:00 UTC,,,
0F9F3E85201M7F5E0XPHN2ZR62,24.5,2508531,2023-04-18 10:23:00 UTC,,,
0F9F3H3PR0N8BYCX3YWVBBR8ET,22.8,2508531,2023-04-18 10:28:00 UTC,,,
0F9F3KZ8E0VTP0Q048WEH1HJ8T,25.8,2508531,2023-04-18 10:33:00 UTC,,,
0F9F3PTT400NMEQK21G66C9HZM,23.4,2508531,2023-04-18 10:38:00 UTC,,,
0F9F3SPBT0WRHRFEVXPG34252G,25.0,2508531,2023-04-18 10:43:00 UTC,,,
0F9F3WHXG0FWAPTT6EQBYWYHHJ,24.6,2508531,2023-04-18 10:48:00 UTC,,,
0F9F3ZDF60VDZQ3777AYVMNR3R,25.8,2508531,2023-04-18 10:53:00 UTC,,,
0F9GP0GY92N48BC62134SDX2SE,26,2508531,2023-04-20 09:31:08 UTC,,,
0F9GP15JPJYQ5PH029X1K4Y6W7,27,2508531,2023-04-20 09:32:16 UTC,,,
0F9GP1CAAW3QKFTYB9YWCFSSXR,26,2508531,2023-04-20 09:32:38 UTC,,,
0F9GP2VTR0MHS8WTD7YV16GKQY,26,2508531,2023-04-20 09:35:13 UTC,,,
0F9GP32C7XAEM0M3N2T8SCNZC2,25,2508531,2023-04-20 09:35:35 UTC,,,
0F9GP3X930G975QAX0CR5VAXJV,26,2508531,2023-04-20 09:37:03 UTC,,,
0F9GP6THPJZZD296H7JGNK7GC3,23,2508531,2023-04-20 09:42:09 UTC,,,
0F9GP7WHM0JZ13BA2TNCFVSQSZ,25,2508531,2023-04-20 09:44:00 UTC,,,
0F9GP904ZFEA1YXQ84J83HHQ56,26,2508531,2023-04-20 09:45:57 UTC,,,
0F9GP9ESQFM5JGP6MNFPAVDBYZ,25,2508531,2023-04-20 09:46:45 UTC,,,
0F9GP9J0SP22B7X30EEQ8AF5H6,50,2508531,2023-04-20 09:46:55 UTC,,,
0F9GVGHT7HYKDANYT1M5BABV25,59.3,2508531,2023-04-20 14:38:46 UTC,,,
0F9GVGJH7VWMAJVH4AWD45TJP1,63.3,2508531,2023-04-20 14:38:48 UTC,,,
0F9GVGK826PAW1S5S97YQ3W2TZ,59.4,2508531,2023-04-20 14:38:50 UTC,,,
0F9GVGKYTZ2BQ9CA7S3GHSHSAX,60.2,2508531,2023-04-20 14:38:53 UTC,,,
0F9GVGMNJWTJHGMKSBFEFN5HR3,56.5,2508531,2023-04-20 14:38:55 UTC,,,
0F9GVGNCBGQFJ5WFMD1RM366KX,61.3,2508531,2023-04-20 14:38:57 UTC,,,
